datesold,price
2007-02-07,525000.0
2007-02-08,0.0
2007-02-09,0.0
2007-02-10,0.0
2007-02-11,0.0
2007-02-12,0.0
2007-02-13,0.0
2007-02-14,0.0
2007-02-15,0.0
2007-02-16,0.0
2007-02-17,0.0
2007-02-18,0.0
2007-02-19,0.0
2007-02-20,0.0
2007-02-21,0.0
2007-02-22,0.0
2007-02-23,0.0
2007-02-24,0.0
2007-02-25,0.0
2007-02-26,0.0
2007-02-27,290000.0
2007-02-28,0.0
2007-03-01,0.0
2007-03-02,0.0
2007-03-03,0.0
2007-03-04,0.0
2007-03-05,0.0
2007-03-06,0.0
2007-03-07,328000.0
2007-03-08,0.0
2007-03-09,380000.0
2007-03-10,0.0
2007-03-11,0.0
2007-03-12,0.0
2007-03-13,0.0
2007-03-14,0.0
2007-03-15,0.0
2007-03-16,0.0
2007-03-17,0.0
2007-03-18,0.0
2007-03-19,0.0
2007-03-20,0.0
2007-03-21,310000.0
2007-03-22,0.0
2007-03-23,0.0
2007-03-24,0.0
2007-03-25,0.0
2007-03-26,0.0
2007-03-27,0.0
2007-03-28,0.0
2007-03-29,0.0
2007-03-30,0.0
2007-03-31,0.0
2007-04-01,0.0
2007-04-02,0.0
2007-04-03,0.0
2007-04-04,465000.0
2007-04-05,0.0
2007-04-06,0.0
2007-04-07,0.0
2007-04-08,0.0
2007-04-09,0.0
2007-04-10,0.0
2007-04-11,0.0
2007-04-12,0.0
2007-04-13,0.0
2007-04-14,0.0
2007-04-15,0.0
2007-04-16,0.0
2007-04-17,0.0
2007-04-18,0.0
2007-04-19,0.0
2007-04-20,0.0
2007-04-21,0.0
2007-04-22,0.0
2007-04-23,0.0
2007-04-24,399000.0
2007-04-25,0.0
2007-04-26,0.0
2007-04-27,0.0
2007-04-28,0.0
2007-04-29,0.0
2007-04-30,1530000.0
2007-05-01,0.0
2007-05-02,0.0
2007-05-03,0.0
2007-05-04,0.0
2007-05-05,0.0
2007-05-06,0.0
2007-05-07,0.0
2007-05-08,0.0
2007-05-09,0.0
2007-05-10,0.0
2007-05-11,0.0
2007-05-12,0.0
2007-05-13,0.0
2007-05-14,0.0
2007-05-15,0.0
2007-05-16,0.0
2007-05-17,0.0
2007-05-18,0.0
2007-05-19,0.0
2007-05-20,0.0
2007-05-21,0.0
2007-05-22,0.0
2007-05-23,0.0
2007-05-24,359000.0
2007-05-25,320000.0
2007-05-26,0.0
2007-05-27,0.0
2007-05-28,0.0
2007-05-29,0.0
2007-05-30,0.0
2007-05-31,0.0
2007-06-01,0.0
2007-06-02,0.0
2007-06-03,0.0
2007-06-04,0.0
2007-06-05,0.0
2007-06-06,0.0
2007-06-07,0.0
2007-06-08,0.0
2007-06-09,0.0
2007-06-10,0.0
2007-06-11,0.0
2007-06-12,0.0
2007-06-13,0.0
2007-06-14,0.0
2007-06-15,0.0
2007-06-16,0.0
2007-06-17,0.0
2007-06-18,0.0
2007-06-19,0.0
2007-06-20,0.0
2007-06-21,0.0
2007-06-22,0.0
2007-06-23,0.0
2007-06-24,0.0
2007-06-25,0.0
2007-06-26,385000.0
2007-06-27,1455000.0
2007-06-28,765000.0
2007-06-29,0.0
2007-06-30,517000.0
2007-07-01,0.0
2007-07-02,800000.0
2007-07-03,336000.0
2007-07-04,0.0
2007-07-05,300000.0
2007-07-06,535000.0
2007-07-07,900000.0
2007-07-08,327000.0
2007-07-09,0.0
2007-07-10,0.0
2007-07-11,0.0
2007-07-12,427500.0
2007-07-13,780000.0
2007-07-14,0.0
2007-07-15,0.0
2007-07-16,0.0
2007-07-17,0.0
2007-07-18,1120000.0
2007-07-19,480000.0
2007-07-20,1434000.0
2007-07-21,1780000.0
2007-07-22,0.0
2007-07-23,0.0
2007-07-24,0.0
2007-07-25,0.0
2007-07-26,0.0
2007-07-27,0.0
2007-07-28,0.0
2007-07-29,0.0
2007-07-30,1004000.0
2007-07-31,1026000.0
2007-08-01,0.0
2007-08-02,0.0
2007-08-03,903000.0
2007-08-04,0.0
2007-08-05,0.0
2007-08-06,0.0
2007-08-07,1200000.0
2007-08-08,0.0
2007-08-09,405000.0
2007-08-10,1305500.0
2007-08-11,1156000.0
2007-08-12,0.0
2007-08-13,0.0
2007-08-14,625000.0
2007-08-15,0.0
2007-08-16,790000.0
2007-08-17,0.0
2007-08-18,0.0
2007-08-19,0.0
2007-08-20,0.0
2007-08-21,1193000.0
2007-08-22,0.0
2007-08-23,560000.0
2007-08-24,585000.0
2007-08-25,0.0
2007-08-26,0.0
2007-08-27,0.0
2007-08-28,745000.0
2007-08-29,599000.0
2007-08-30,682000.0
2007-08-31,880500.0
2007-09-01,0.0
2007-09-02,0.0
2007-09-03,465000.0
2007-09-04,820000.0
2007-09-05,529000.0
2007-09-06,590000.0
2007-09-07,400000.0
2007-09-08,0.0
2007-09-09,0.0
2007-09-10,0.0
2007-09-11,559000.0
2007-09-12,0.0
2007-09-13,0.0
2007-09-14,0.0
2007-09-15,446000.0
2007-09-16,0.0
2007-09-17,0.0
2007-09-18,470000.0
2007-09-19,0.0
2007-09-20,1365500.0
2007-09-21,1460000.0
2007-09-22,1526000.0
2007-09-23,0.0
2007-09-24,1140000.0
2007-09-25,0.0
2007-09-26,0.0
2007-09-27,847000.0
2007-09-28,520000.0
2007-09-29,0.0
2007-09-30,0.0
2007-10-01,0.0
2007-10-02,875000.0
2007-10-03,0.0
2007-10-04,0.0
2007-10-05,0.0
2007-10-06,0.0
2007-10-07,0.0
2007-10-08,0.0
2007-10-09,397000.0
2007-10-10,556000.0
2007-10-11,0.0
2007-10-12,1577000.0
2007-10-13,0.0
2007-10-14,0.0
2007-10-15,273000.0
2007-10-16,753000.0
2007-10-17,560000.0
2007-10-18,0.0
2007-10-19,935000.0
2007-10-20,0.0
2007-10-21,0.0
2007-10-22,0.0
2007-10-23,0.0
2007-10-24,805500.0
2007-10-25,2140500.0
2007-10-26,1100000.0
2007-10-27,0.0
2007-10-28,0.0
2007-10-29,0.0
2007-10-30,0.0
2007-10-31,0.0
2007-11-01,0.0
2007-11-02,977500.0
2007-11-03,0.0
2007-11-04,0.0
2007-11-05,1072500.0
2007-11-06,0.0
2007-11-07,372500.0
2007-11-08,1487000.0
2007-11-09,0.0
2007-11-10,0.0
2007-11-11,0.0
2007-11-12,970000.0
2007-11-13,0.0
2007-11-14,0.0
2007-11-15,0.0
2007-11-16,884000.0
2007-11-17,2555500.0
2007-11-18,0.0
2007-11-19,0.0
2007-11-20,442500.0
2007-11-21,0.0
2007-11-22,560000.0
2007-11-23,560000.0
2007-11-24,910000.0
2007-11-25,0.0
2007-11-26,0.0
2007-11-27,439000.0
2007-11-28,0.0
2007-11-29,661000.0
2007-11-30,1250000.0
2007-12-01,930000.0
2007-12-02,0.0
2007-12-03,752000.0
2007-12-04,620000.0
2007-12-05,825000.0
2007-12-06,335000.0
2007-12-07,350000.0
2007-12-08,966000.0
2007-12-09,0.0
2007-12-10,0.0
2007-12-11,0.0
2007-12-12,635000.0
2007-12-13,1862500.0
2007-12-14,696500.0
2007-12-15,530000.0
2007-12-16,0.0
2007-12-17,0.0
2007-12-18,630950.0
2007-12-19,630000.0
2007-12-20,615000.0
2007-12-21,1254000.0
2007-12-22,0.0
2007-12-23,0.0
2007-12-24,0.0
2007-12-25,0.0
2007-12-26,0.0
2007-12-27,0.0
2007-12-28,0.0
2007-12-29,0.0
2007-12-30,0.0
2007-12-31,0.0
2008-01-01,0.0
2008-01-02,309000.0
2008-01-03,0.0
2008-01-04,0.0
2008-01-05,0.0
2008-01-06,0.0
2008-01-07,0.0
2008-01-08,0.0
2008-01-09,0.0
2008-01-10,0.0
2008-01-11,0.0
2008-01-12,0.0
2008-01-13,0.0
2008-01-14,413000.0
2008-01-15,1045000.0
2008-01-16,0.0
2008-01-17,1365000.0
2008-01-18,580000.0
2008-01-19,0.0
2008-01-20,0.0
2008-01-21,315000.0
2008-01-22,0.0
2008-01-23,380000.0
2008-01-24,2170000.0
2008-01-25,0.0
2008-01-26,0.0
2008-01-27,0.0
2008-01-28,0.0
2008-01-29,0.0
2008-01-30,485000.0
2008-01-31,0.0
2008-02-01,599000.0
2008-02-02,0.0
2008-02-03,0.0
2008-02-04,349000.0
2008-02-05,0.0
2008-02-06,0.0
2008-02-07,1140000.0
2008-02-08,395000.0
2008-02-09,1627000.0
2008-02-10,0.0
2008-02-11,416000.0
2008-02-12,749000.0
2008-02-13,0.0
2008-02-14,0.0
2008-02-15,1200000.0
2008-02-16,610000.0
2008-02-17,0.0
2008-02-18,0.0
2008-02-19,445000.0
2008-02-20,0.0
2008-02-21,655000.0
2008-02-22,0.0
2008-02-23,1826000.0
2008-02-24,0.0
2008-02-25,0.0
2008-02-26,0.0
2008-02-27,1965000.0
2008-02-28,0.0
2008-02-29,1301000.0
2008-03-01,0.0
2008-03-02,0.0
2008-03-03,0.0
2008-03-04,400000.0
2008-03-05,0.0
2008-03-06,0.0
2008-03-07,0.0
2008-03-08,0.0
2008-03-09,0.0
2008-03-10,0.0
2008-03-11,0.0
2008-03-12,0.0
2008-03-13,646000.0
2008-03-14,655000.0
2008-03-15,580000.0
2008-03-16,0.0
2008-03-17,0.0
2008-03-18,0.0
2008-03-19,405000.0
2008-03-20,695000.0
2008-03-21,0.0
2008-03-22,0.0
2008-03-23,0.0
2008-03-24,0.0
2008-03-25,0.0
2008-03-26,0.0
2008-03-27,0.0
2008-03-28,0.0
2008-03-29,0.0
2008-03-30,0.0
2008-03-31,0.0
2008-04-01,0.0
2008-04-02,0.0
2008-04-03,0.0
2008-04-04,0.0
2008-04-05,438000.0
2008-04-06,0.0
2008-04-07,0.0
2008-04-08,0.0
2008-04-09,923000.0
2008-04-10,380000.0
2008-04-11,1196500.0
2008-04-12,0.0
2008-04-13,0.0
2008-04-14,2627500.0
2008-04-15,679000.0
2008-04-16,0.0
2008-04-17,0.0
2008-04-18,467000.0
2008-04-19,0.0
2008-04-20,0.0
2008-04-21,649000.0
2008-04-22,675000.0
2008-04-23,860000.0
2008-04-24,742500.0
2008-04-25,0.0
2008-04-26,0.0
2008-04-27,0.0
2008-04-28,0.0
2008-04-29,1630000.0
2008-04-30,485000.0
2008-05-01,640000.0
2008-05-02,1729500.0
2008-05-03,0.0
2008-05-04,0.0
2008-05-05,1265000.0
2008-05-06,0.0
2008-05-07,0.0
2008-05-08,0.0
2008-05-09,465000.0
2008-05-10,0.0
2008-05-11,0.0
2008-05-12,635000.0
2008-05-13,307000.0
2008-05-14,450000.0
2008-05-15,0.0
2008-05-16,932000.0
2008-05-17,865000.0
2008-05-18,0.0
2008-05-19,430000.0
2008-05-20,0.0
2008-05-21,0.0
2008-05-22,0.0
2008-05-23,444000.0
2008-05-24,0.0
2008-05-25,0.0
2008-05-26,0.0
2008-05-27,535000.0
2008-05-28,542000.0
2008-05-29,0.0
2008-05-30,686000.0
2008-05-31,0.0
2008-06-01,0.0
2008-06-02,1609000.0
2008-06-03,375000.0
2008-06-04,0.0
2008-06-05,0.0
2008-06-06,1286000.0
2008-06-07,0.0
2008-06-08,0.0
2008-06-09,0.0
2008-06-10,1667250.0
2008-06-11,1110100.0
2008-06-12,0.0
2008-06-13,1035000.0
2008-06-14,934000.0
2008-06-15,0.0
2008-06-16,0.0
2008-06-17,940000.0
2008-06-18,362000.0
2008-06-19,1535000.0
2008-06-20,469000.0
2008-06-21,0.0
2008-06-22,0.0
2008-06-23,656000.0
2008-06-24,465000.0
2008-06-25,1832300.0
2008-06-26,325000.0
2008-06-27,1561000.0
2008-06-28,0.0
2008-06-29,522500.0
2008-06-30,1645000.0
2008-07-01,670000.0
2008-07-02,350000.0
2008-07-03,0.0
2008-07-04,375000.0
2008-07-05,0.0
2008-07-06,0.0
2008-07-07,837500.0
2008-07-08,383000.0
2008-07-09,0.0
2008-07-10,1278000.0
2008-07-11,860000.0
2008-07-12,0.0
2008-07-13,0.0
2008-07-14,855000.0
2008-07-15,0.0
2008-07-16,2163000.0
2008-07-17,558000.0
2008-07-18,2000000.0
2008-07-19,320000.0
2008-07-20,0.0
2008-07-21,385000.0
2008-07-22,415000.0
2008-07-23,2333000.0
2008-07-24,0.0
2008-07-25,370000.0
2008-07-26,564000.0
2008-07-27,0.0
2008-07-28,365000.0
2008-07-29,927000.0
2008-07-30,750000.0
2008-07-31,440000.0
2008-08-01,1025000.0
2008-08-02,0.0
2008-08-03,0.0
2008-08-04,1552500.0
2008-08-05,834000.0
2008-08-06,1841000.0
2008-08-07,395000.0
2008-08-08,0.0
2008-08-09,1621000.0
2008-08-10,0.0
2008-08-11,405000.0
2008-08-12,548000.0
2008-08-13,1356500.0
2008-08-14,350000.0
2008-08-15,2697000.0
2008-08-16,0.0
2008-08-17,0.0
2008-08-18,279500.0
2008-08-19,1060000.0
2008-08-20,405000.0
2008-08-21,2095000.0
2008-08-22,1300000.0
2008-08-23,630000.0
2008-08-24,0.0
2008-08-25,400000.0
2008-08-26,0.0
2008-08-27,1295000.0
2008-08-28,310000.0
2008-08-29,835000.0
2008-08-30,342000.0
2008-08-31,0.0
2008-09-01,380000.0
2008-09-02,3131000.0
2008-09-03,787000.0
2008-09-04,1485000.0
2008-09-05,2160000.0
2008-09-06,0.0
2008-09-07,0.0
2008-09-08,1449500.0
2008-09-09,0.0
2008-09-10,738600.0
2008-09-11,830000.0
2008-09-12,697000.0
2008-09-13,956000.0
2008-09-14,0.0
2008-09-15,726000.0
2008-09-16,1924000.0
2008-09-17,3033000.0
2008-09-18,1654000.0
2008-09-19,2167000.0
2008-09-20,346000.0
2008-09-21,0.0
2008-09-22,9746700.0
2008-09-23,372000.0
2008-09-24,437000.0
2008-09-25,1386000.0
2008-09-26,2284500.0
2008-09-27,0.0
2008-09-28,0.0
2008-09-29,4091000.0
2008-09-30,3432000.0
2008-10-01,795000.0
2008-10-02,390000.0
2008-10-03,1902000.0
2008-10-04,0.0
2008-10-05,0.0
2008-10-06,0.0
2008-10-07,2154000.0
2008-10-08,2017450.0
2008-10-09,338500.0
2008-10-10,3823050.0
2008-10-11,0.0
2008-10-12,390000.0
2008-10-13,942500.0
2008-10-14,4044000.0
2008-10-15,947500.0
2008-10-16,815000.0
2008-10-17,2067000.0
2008-10-18,1949000.0
2008-10-19,0.0
2008-10-20,1179000.0
2008-10-21,2102500.0
2008-10-22,1631500.0
2008-10-23,3156950.0
2008-10-24,2427600.0
2008-10-25,0.0
2008-10-26,0.0
2008-10-27,3572250.0
2008-10-28,1016000.0
2008-10-29,420000.0
2008-10-30,1305000.0
2008-10-31,2912650.0
2008-11-01,0.0
2008-11-02,0.0
2008-11-03,2377000.0
2008-11-04,0.0
2008-11-05,3162450.0
2008-11-06,1387500.0
2008-11-07,3164500.0
2008-11-08,0.0
2008-11-09,0.0
2008-11-10,3032200.0
2008-11-11,1639000.0
2008-11-12,1204500.0
2008-11-13,375000.0
2008-11-14,790000.0
2008-11-15,1328000.0
2008-11-16,0.0
2008-11-17,4797000.0
2008-11-18,2580000.0
2008-11-19,1820000.0
2008-11-20,1590000.0
2008-11-21,4071450.0
2008-11-22,1955000.0
2008-11-23,0.0
2008-11-24,5725950.0
2008-11-25,2395000.0
2008-11-26,2196500.0
2008-11-27,1064500.0
2008-11-28,5935000.0
2008-11-29,770000.0
2008-11-30,0.0
2008-12-01,3955000.0
2008-12-02,3412750.0
2008-12-03,3729550.0
2008-12-04,4238000.0
2008-12-05,3919000.0
2008-12-06,2245250.0
2008-12-07,0.0
2008-12-08,4275000.0
2008-12-09,1725000.0
2008-12-10,4262000.0
2008-12-11,520000.0
2008-12-12,3626000.0
2008-12-13,775000.0
2008-12-14,0.0
2008-12-15,4348500.0
2008-12-16,2579500.0
2008-12-17,1698500.0
2008-12-18,1268100.0
2008-12-19,5601200.0
2008-12-20,5910000.0
2008-12-21,0.0
2008-12-22,4534500.0
2008-12-23,5094500.0
2008-12-24,5455450.0
2008-12-25,0.0
2008-12-26,0.0
2008-12-27,0.0
2008-12-28,0.0
2008-12-29,0.0
2008-12-30,0.0
2008-12-31,0.0
2009-01-01,0.0
2009-01-02,0.0
2009-01-03,0.0
2009-01-04,0.0
2009-01-05,844950.0
2009-01-06,1092500.0
2009-01-07,690000.0
2009-01-08,2210500.0
2009-01-09,1188000.0
2009-01-10,1175000.0
2009-01-11,0.0
2009-01-12,4103450.0
2009-01-13,1572000.0
2009-01-14,1154000.0
2009-01-15,3276500.0
2009-01-16,1360950.0
2009-01-17,0.0
2009-01-18,0.0
2009-01-19,1703889.0
2009-01-20,3334000.0
2009-01-21,570000.0
2009-01-22,1395000.0
2009-01-23,4046500.0
2009-01-24,0.0
2009-01-25,0.0
2009-01-26,0.0
2009-01-27,4437500.0
2009-01-28,2201000.0
2009-01-29,2562000.0
2009-01-30,3066500.0
2009-01-31,935000.0
2009-02-01,0.0
2009-02-02,1501500.0
2009-02-03,4291000.0
2009-02-04,2115000.0
2009-02-05,2328000.0
2009-02-06,2207000.0
2009-02-07,512000.0
2009-02-08,0.0
2009-02-09,3245000.0
2009-02-10,3060000.0
2009-02-11,4103000.0
2009-02-12,2809500.0
2009-02-13,2738000.0
2009-02-14,456000.0
2009-02-15,0.0
2009-02-16,1873500.0
2009-02-17,4384000.0
2009-02-18,1035000.0
2009-02-19,2501500.0
2009-02-20,1871000.0
2009-02-21,690000.0
2009-02-22,0.0
2009-02-23,3075950.0
2009-02-24,1587000.0
2009-02-25,2062500.0
2009-02-26,3726500.0
2009-02-27,886000.0
2009-02-28,677000.0
2009-03-01,0.0
2009-03-02,2760000.0
2009-03-03,3007000.0
2009-03-04,2930500.0
2009-03-05,2168500.0
2009-03-06,6111576.0
2009-03-07,871000.0
2009-03-08,0.0
2009-03-09,0.0
2009-03-10,4528000.0
2009-03-11,3790000.0
2009-03-12,2997450.0
2009-03-13,3404500.0
2009-03-14,500000.0
2009-03-15,0.0
2009-03-16,1480000.0
2009-03-17,5039000.0
2009-03-18,3445100.0
2009-03-19,4019000.0
2009-03-20,4019000.0
2009-03-21,0.0
2009-03-22,438000.0
2009-03-23,4064088.0
2009-03-24,3032000.0
2009-03-25,6209500.0
2009-03-26,1040000.0
2009-03-27,3430000.0
2009-03-28,3828000.0
2009-03-29,0.0
2009-03-30,4830500.0
2009-03-31,3062000.0
2009-04-01,2857000.0
2009-04-02,2024000.0
2009-04-03,3847000.0
2009-04-04,517000.0
2009-04-05,0.0
2009-04-06,5550500.0
2009-04-07,6517000.0
2009-04-08,955000.0
2009-04-09,1650000.0
2009-04-10,0.0
2009-04-11,0.0
2009-04-12,0.0
2009-04-13,0.0
2009-04-14,1841550.0
2009-04-15,6354500.0
2009-04-16,4067000.0
2009-04-17,2823500.0
2009-04-18,575000.0
2009-04-19,0.0
2009-04-20,4577000.0
2009-04-21,1665000.0
2009-04-22,1885000.0
2009-04-23,2051000.0
2009-04-24,4962499.0
2009-04-25,0.0
2009-04-26,0.0
2009-04-27,0.0
2009-04-28,1740000.0
2009-04-29,1670000.0
2009-04-30,620600.0
2009-05-01,3515000.0
2009-05-02,0.0
2009-05-03,0.0
2009-05-04,2752950.0
2009-05-05,2896000.0
2009-05-06,2485000.0
2009-05-07,2519227.0
2009-05-08,4875000.0
2009-05-09,401000.0
2009-05-10,0.0
2009-05-11,1900500.0
2009-05-12,1525500.0
2009-05-13,1602000.0
2009-05-14,610000.0
2009-05-15,5008500.0
2009-05-16,540000.0
2009-05-17,0.0
2009-05-18,2055000.0
2009-05-19,2943000.0
2009-05-20,4256500.0
2009-05-21,1999000.0
2009-05-22,2418000.0
2009-05-23,1753000.0
2009-05-24,0.0
2009-05-25,4770000.0
2009-05-26,1535000.0
2009-05-27,410000.0
2009-05-28,5015000.0
2009-05-29,3870950.0
2009-05-30,459000.0
2009-05-31,0.0
2009-06-01,2085000.0
2009-06-02,2090000.0
2009-06-03,1355000.0
2009-06-04,2254750.0
2009-06-05,3082000.0
2009-06-06,0.0
2009-06-07,0.0
2009-06-08,0.0
2009-06-09,1638000.0
2009-06-10,1242000.0
2009-06-11,3068500.0
2009-06-12,4032350.0
2009-06-13,765000.0
2009-06-14,0.0
2009-06-15,2331000.0
2009-06-16,1460000.0
2009-06-17,2839000.0
2009-06-18,3203500.0
2009-06-19,1015000.0
2009-06-20,0.0
2009-06-21,0.0
2009-06-22,5749650.0
2009-06-23,1670100.0
2009-06-24,3349500.0
2009-06-25,1109500.0
2009-06-26,2917500.0
2009-06-27,1804000.0
2009-06-28,0.0
2009-06-29,3109500.0
2009-06-30,525000.0
2009-07-01,2044000.0
2009-07-02,717500.0
2009-07-03,3097500.0
2009-07-04,0.0
2009-07-05,0.0
2009-07-06,3740000.0
2009-07-07,1047000.0
2009-07-08,1207500.0
2009-07-09,3390500.0
2009-07-10,1198000.0
2009-07-11,0.0
2009-07-12,0.0
2009-07-13,2193000.0
2009-07-14,1140000.0
2009-07-15,2278000.0
2009-07-16,2107000.0
2009-07-17,2118500.0
2009-07-18,1171000.0
2009-07-19,451000.0
2009-07-20,3368450.0
2009-07-21,2624500.0
2009-07-22,3050750.0
2009-07-23,846000.0
2009-07-24,1996950.0
2009-07-25,575000.0
2009-07-26,0.0
2009-07-27,2598500.0
2009-07-28,428500.0
2009-07-29,3038002.0
2009-07-30,495000.0
2009-07-31,4164000.0
2009-08-01,488000.0
2009-08-02,0.0
2009-08-03,3210000.0
2009-08-04,3448500.0
2009-08-05,2383000.0
2009-08-06,2023000.0
2009-08-07,3248000.0
2009-08-08,0.0
2009-08-09,0.0
2009-08-10,1558100.0
2009-08-11,3002000.0
2009-08-12,879000.0
2009-08-13,959000.0
2009-08-14,1722100.0
2009-08-15,0.0
2009-08-16,0.0
2009-08-17,5043950.0
2009-08-18,2380000.0
2009-08-19,4033500.0
2009-08-20,2627000.0
2009-08-21,511000.0
2009-08-22,1481100.0
2009-08-23,1295000.0
2009-08-24,3244500.0
2009-08-25,436000.0
2009-08-26,675000.0
2009-08-27,1972000.0
2009-08-28,2825600.0
2009-08-29,1026500.0
2009-08-30,0.0
2009-08-31,1473000.0
2009-09-01,925000.0
2009-09-02,3111500.0
2009-09-03,1746500.0
2009-09-04,1939000.0
2009-09-05,2623500.0
2009-09-06,0.0
2009-09-07,535000.0
2009-09-08,1755000.0
2009-09-09,1365000.0
2009-09-10,1726000.0
2009-09-11,1259723.0
2009-09-12,2272000.0
2009-09-13,810000.0
2009-09-14,1421500.0
2009-09-15,1621500.0
2009-09-16,1874000.0
2009-09-17,1904950.0
2009-09-18,2499050.0
2009-09-19,3142000.0
2009-09-20,685000.0
2009-09-21,2788080.0
2009-09-22,3756600.0
2009-09-23,1793000.0
2009-09-24,1332400.0
2009-09-25,3484000.0
2009-09-26,1735000.0
2009-09-27,311000.0
2009-09-28,3229500.0
2009-09-29,3975450.0
2009-09-30,5829200.0
2009-10-01,4231000.0
2009-10-02,1671750.0
2009-10-03,851000.0
2009-10-04,0.0
2009-10-05,0.0
2009-10-06,2257000.0
2009-10-07,2156500.0
2009-10-08,1933000.0
2009-10-09,3398450.0
2009-10-10,5827995.0
2009-10-11,1210000.0
2009-10-12,4420000.0
2009-10-13,365000.0
2009-10-14,0.0
2009-10-15,925000.0
2009-10-16,2628000.0
2009-10-17,1805000.0
2009-10-18,0.0
2009-10-19,3163500.0
2009-10-20,1337250.0
2009-10-21,1501000.0
2009-10-22,890000.0
2009-10-23,3225000.0
2009-10-24,3240000.0
2009-10-25,0.0
2009-10-26,3259900.0
2009-10-27,2294000.0
2009-10-28,1089450.0
2009-10-29,1280000.0
2009-10-30,1777000.0
2009-10-31,2936500.0
2009-11-01,580000.0
2009-11-02,7716500.0
2009-11-03,0.0
2009-11-04,7116500.0
2009-11-05,2147500.0
2009-11-06,2011000.0
2009-11-07,1260000.0
2009-11-08,0.0
2009-11-09,5513000.0
2009-11-10,3442890.0
2009-11-11,2440000.0
2009-11-12,2130000.0
2009-11-13,1090000.0
2009-11-14,1300000.0
2009-11-15,0.0
2009-11-16,3293000.0
2009-11-17,1710000.0
2009-11-18,5104500.0
2009-11-19,1140000.0
2009-11-20,4956400.0
2009-11-21,0.0
2009-11-22,0.0
2009-11-23,1768000.0
2009-11-24,3242500.0
2009-11-25,2905900.0
2009-11-26,4501500.0
2009-11-27,1400150.0
2009-11-28,3309000.0
2009-11-29,0.0
2009-11-30,2657000.0
2009-12-01,1035000.0
2009-12-02,4482500.0
2009-12-03,1479000.0
2009-12-04,2117000.0
2009-12-05,3875500.0
2009-12-06,0.0
2009-12-07,3118770.0
2009-12-08,852000.0
2009-12-09,1410000.0
2009-12-10,1737100.0
2009-12-11,2314000.0
2009-12-12,555000.0
2009-12-13,0.0
2009-12-14,2357150.0
2009-12-15,3184000.0
2009-12-16,1692000.0
2009-12-17,2115500.0
2009-12-18,4410500.0
2009-12-19,375100.0
2009-12-20,0.0
2009-12-21,2529500.0
2009-12-22,2465000.0
2009-12-23,10947400.0
2009-12-24,6264100.0
2009-12-25,0.0
2009-12-26,0.0
2009-12-27,0.0
2009-12-28,0.0
2009-12-29,0.0
2009-12-30,0.0
2009-12-31,0.0
2010-01-01,0.0
2010-01-02,0.0
2010-01-03,0.0
2010-01-04,435000.0
2010-01-05,712000.0
2010-01-06,1785000.0
2010-01-07,612500.0
2010-01-08,853100.0
2010-01-09,0.0
2010-01-10,0.0
2010-01-11,2450000.0
2010-01-12,0.0
2010-01-13,1104000.0
2010-01-14,1890500.0
2010-01-15,355100.0
2010-01-16,0.0
2010-01-17,0.0
2010-01-18,959000.0
2010-01-19,2052000.0
2010-01-20,1615000.0
2010-01-21,455000.0
2010-01-22,3434500.0
2010-01-23,0.0
2010-01-24,0.0
2010-01-25,1650000.0
2010-01-26,0.0
2010-01-27,2395500.0
2010-01-28,1600000.0
2010-01-29,3097000.0
2010-01-30,988000.0
2010-01-31,0.0
2010-02-01,2060000.0
2010-02-02,1227000.0
2010-02-03,997500.0
2010-02-04,2264000.0
2010-02-05,1475500.0
2010-02-06,2023000.0
2010-02-07,675000.0
2010-02-08,857000.0
2010-02-09,1131000.0
2010-02-10,2994000.0
2010-02-11,2467000.0
2010-02-12,5341000.0
2010-02-13,725000.0
2010-02-14,0.0
2010-02-15,914950.0
2010-02-16,955100.0
2010-02-17,5048500.0
2010-02-18,3128200.0
2010-02-19,3906000.0
2010-02-20,1811000.0
2010-02-21,0.0
2010-02-22,3456500.0
2010-02-23,2536000.0
2010-02-24,2237500.0
2010-02-25,2729000.0
2010-02-26,2082000.0
2010-02-27,2069950.0
2010-02-28,575000.0
2010-03-01,5817500.0
2010-03-02,1157500.0
2010-03-03,4853700.0
2010-03-04,2655500.0
2010-03-05,5052200.0
2010-03-06,2085000.0
2010-03-07,0.0
2010-03-08,0.0
2010-03-09,2397000.0
2010-03-10,870000.0
2010-03-11,2332500.0
2010-03-12,3942950.0
2010-03-13,540000.0
2010-03-14,510000.0
2010-03-15,3169500.0
2010-03-16,2643000.0
2010-03-17,5306500.0
2010-03-18,2122500.0
2010-03-19,5974000.0
2010-03-20,1218500.0
2010-03-21,0.0
2010-03-22,1411622.0
2010-03-23,2648575.0
2010-03-24,2446100.0
2010-03-25,4957500.0
2010-03-26,440000.0
2010-03-27,871000.0
2010-03-28,0.0
2010-03-29,2564900.0
2010-03-30,5284750.0
2010-03-31,1474000.0
2010-04-01,5864100.0
2010-04-02,850000.0
2010-04-03,665000.0
2010-04-04,0.0
2010-04-05,0.0
2010-04-06,1322500.0
2010-04-07,2570000.0
2010-04-08,7384350.0
2010-04-09,3161100.0
2010-04-10,622500.0
2010-04-11,0.0
2010-04-12,3228500.0
2010-04-13,1107500.0
2010-04-14,2579950.0
2010-04-15,1304000.0
2010-04-16,1597000.0
2010-04-17,3240500.0
2010-04-18,0.0
2010-04-19,4286000.0
2010-04-20,3092500.0
2010-04-21,2501000.0
2010-04-22,13243950.0
2010-04-23,2874000.0
2010-04-24,525000.0
2010-04-25,0.0
2010-04-26,0.0
2010-04-27,4760450.0
2010-04-28,2186000.0
2010-04-29,2143000.0
2010-04-30,2213000.0
2010-05-01,2322000.0
2010-05-02,0.0
2010-05-03,7690950.0
2010-05-04,1715000.0
2010-05-05,2961500.0
2010-05-06,1530000.0
2010-05-07,5364500.0
2010-05-08,1670000.0
2010-05-09,0.0
2010-05-10,2714500.0
2010-05-11,2384500.0
2010-05-12,782000.0
2010-05-13,3251000.0
2010-05-14,3914000.0
2010-05-15,3216000.0
2010-05-16,0.0
2010-05-17,3650000.0
2010-05-18,4045000.0
2010-05-19,2598000.0
2010-05-20,1853000.0
2010-05-21,2090000.0
2010-05-22,1053000.0
2010-05-23,0.0
2010-05-24,2787000.0
2010-05-25,3462000.0
2010-05-26,2246500.0
2010-05-27,4386950.0
2010-05-28,3288050.0
2010-05-29,3238500.0
2010-05-30,0.0
2010-05-31,6693200.0
2010-06-01,4171500.0
2010-06-02,3401450.0
2010-06-03,2404000.0
2010-06-04,5193585.0
2010-06-05,5012000.0
2010-06-06,0.0
2010-06-07,2560950.0
2010-06-08,2791000.0
2010-06-09,3589950.0
2010-06-10,1410000.0
2010-06-11,840000.0
2010-06-12,480000.0
2010-06-13,0.0
2010-06-14,0.0
2010-06-15,4700000.0
2010-06-16,4297800.0
2010-06-17,4336000.0
2010-06-18,3440750.0
2010-06-19,2027000.0
2010-06-20,0.0
2010-06-21,3347000.0
2010-06-22,735000.0
2010-06-23,4307000.0
2010-06-24,705000.0
2010-06-25,2039600.0
2010-06-26,2207000.0
2010-06-27,0.0
2010-06-28,3475950.0
2010-06-29,2817500.0
2010-06-30,4198000.0
2010-07-01,3006950.0
2010-07-02,3173500.0
2010-07-03,0.0
2010-07-04,0.0
2010-07-05,2339950.0
2010-07-06,1840384.0
2010-07-07,3535000.0
2010-07-08,3149600.0
2010-07-09,1427000.0
2010-07-10,1782000.0
2010-07-11,0.0
2010-07-12,2924000.0
2010-07-13,3853500.0
2010-07-14,2238565.0
2010-07-15,1706150.0
2010-07-16,4661540.0
2010-07-17,1199000.0
2010-07-18,0.0
2010-07-19,1422000.0
2010-07-20,3567625.0
2010-07-21,2495000.0
2010-07-22,2975500.0
2010-07-23,2487250.0
2010-07-24,1200000.0
2010-07-25,0.0
2010-07-26,1966500.0
2010-07-27,500000.0
2010-07-28,3084350.0
2010-07-29,5490000.0
2010-07-30,3810000.0
2010-07-31,935000.0
2010-08-01,0.0
2010-08-02,6032400.0
2010-08-03,1399000.0
2010-08-04,1906000.0
2010-08-05,1841999.0
2010-08-06,2497000.0
2010-08-07,1018500.0
2010-08-08,0.0
2010-08-09,2811000.0
2010-08-10,2106000.0
2010-08-11,2157500.0
2010-08-12,3040000.0
2010-08-13,2531500.0
2010-08-14,3622500.0
2010-08-15,0.0
2010-08-16,3901000.0
2010-08-17,4872000.0
2010-08-18,2354000.0
2010-08-19,2316500.0
2010-08-20,4811000.0
2010-08-21,550000.0
2010-08-22,0.0
2010-08-23,6982550.0
2010-08-24,3255000.0
2010-08-25,1110000.0
2010-08-26,2721000.0
2010-08-27,2484625.0
2010-08-28,3521000.0
2010-08-29,575000.0
2010-08-30,4197000.0
2010-08-31,2374000.0
2010-09-01,2850188.0
2010-09-02,3698000.0
2010-09-03,1660000.0
2010-09-04,4189500.0
2010-09-05,0.0
2010-09-06,2992000.0
2010-09-07,2713000.0
2010-09-08,2076342.0
2010-09-09,1430000.0
2010-09-10,7038000.0
2010-09-11,3222000.0
2010-09-12,0.0
2010-09-13,2261500.0
2010-09-14,974950.0
2010-09-15,2253000.0
2010-09-16,2511500.0
2010-09-17,3384500.0
2010-09-18,2580000.0
2010-09-19,0.0
2010-09-20,3753000.0
2010-09-21,2335000.0
2010-09-22,1326000.0
2010-09-23,2665500.0
2010-09-24,2732500.0
2010-09-25,3655500.0
2010-09-26,1135000.0
2010-09-27,0.0
2010-09-28,4400000.0
2010-09-29,2727270.0
2010-09-30,4682950.0
2010-10-01,5715250.0
2010-10-02,1308000.0
2010-10-03,0.0
2010-10-04,0.0
2010-10-05,1460000.0
2010-10-06,2072500.0
2010-10-07,2705500.0
2010-10-08,3147000.0
2010-10-09,4931000.0
2010-10-10,0.0
2010-10-11,2340000.0
2010-10-12,2224950.0
2010-10-13,2034200.0
2010-10-14,1163000.0
2010-10-15,2827500.0
2010-10-16,3193000.0
2010-10-17,0.0
2010-10-18,2504950.0
2010-10-19,3610000.0
2010-10-20,4738000.0
2010-10-21,2335500.0
2010-10-22,2185500.0
2010-10-23,3842000.0
2010-10-24,0.0
2010-10-25,3292000.0
2010-10-26,2219000.0
2010-10-27,3350490.0
2010-10-28,4477000.0
2010-10-29,4528000.0
2010-10-30,5370500.0
2010-10-31,0.0
2010-11-01,2647000.0
2010-11-02,3511000.0
2010-11-03,3074000.0
2010-11-04,3345500.0
2010-11-05,3905000.0
2010-11-06,3546000.0
2010-11-07,0.0
2010-11-08,6282394.0
2010-11-09,2549000.0
2010-11-10,5022140.0
2010-11-11,3018500.0
2010-11-12,5957500.0
2010-11-13,5153000.0
2010-11-14,0.0
2010-11-15,6804950.0
2010-11-16,1704500.0
2010-11-17,4140500.0
2010-11-18,3180000.0
2010-11-19,4721950.0
2010-11-20,4151000.0
2010-11-21,0.0
2010-11-22,5368500.0
2010-11-23,1855536.0
2010-11-24,2523500.0
2010-11-25,3566500.0
2010-11-26,2823000.0
2010-11-27,4375500.0
2010-11-28,0.0
2010-11-29,5887500.0
2010-11-30,4084000.0
2010-12-01,5623200.0
2010-12-02,3997000.0
2010-12-03,2807600.0
2010-12-04,6983500.0
2010-12-05,0.0
2010-12-06,930000.0
2010-12-07,995000.0
2010-12-08,7428500.0
2010-12-09,2151500.0
2010-12-10,4532000.0
2010-12-11,3164500.0
2010-12-12,1204000.0
2010-12-13,6303000.0
2010-12-14,5608000.0
2010-12-15,3920000.0
2010-12-16,3987000.0
2010-12-17,2044500.0
2010-12-18,2062000.0
2010-12-19,715000.0
2010-12-20,850000.0
2010-12-21,3029000.0
2010-12-22,5430750.0
2010-12-23,6797000.0
2010-12-24,1799500.0
2010-12-25,0.0
2010-12-26,0.0
2010-12-27,0.0
2010-12-28,0.0
2010-12-29,0.0
2010-12-30,389000.0
2010-12-31,0.0
2011-01-01,0.0
2011-01-02,0.0
2011-01-03,0.0
2011-01-04,474000.0
2011-01-05,850000.0
2011-01-06,1843600.0
2011-01-07,1127500.0
2011-01-08,0.0
2011-01-09,0.0
2011-01-10,2228000.0
2011-01-11,1507950.0
2011-01-12,3356900.0
2011-01-13,1505000.0
2011-01-14,1935000.0
2011-01-15,860000.0
2011-01-16,0.0
2011-01-17,2828800.0
2011-01-18,3752500.0
2011-01-19,2563450.0
2011-01-20,2777330.0
2011-01-21,2507500.0
2011-01-22,405000.0
2011-01-23,0.0
2011-01-24,2400500.0
2011-01-25,3212500.0
2011-01-26,0.0
2011-01-27,2322500.0
2011-01-28,1313000.0
2011-01-29,435000.0
2011-01-30,0.0
2011-01-31,1461500.0
2011-02-01,1449100.0
2011-02-02,2474012.0
2011-02-03,2465000.0
2011-02-04,1707000.0
2011-02-05,3655000.0
2011-02-06,0.0
2011-02-07,2215950.0
2011-02-08,3119500.0
2011-02-09,6202500.0
2011-02-10,3699988.0
2011-02-11,1774000.0
2011-02-12,1220000.0
2011-02-13,0.0
2011-02-14,3166000.0
2011-02-15,3967000.0
2011-02-16,600000.0
2011-02-17,4455500.0
2011-02-18,5445000.0
2011-02-19,6025000.0
2011-02-20,420000.0
2011-02-21,3460500.0
2011-02-22,3392450.0
2011-02-23,2150000.0
2011-02-24,3707000.0
2011-02-25,4099500.0
2011-02-26,3518000.0
2011-02-27,435000.0
2011-02-28,3960500.0
2011-03-01,4487134.0
2011-03-02,2568000.0
2011-03-03,2479750.0
2011-03-04,3636001.0
2011-03-05,8993000.0
2011-03-06,0.0
2011-03-07,3020000.0
2011-03-08,2805000.0
2011-03-09,1587590.0
2011-03-10,1782000.0
2011-03-11,3067582.0
2011-03-12,1750000.0
2011-03-13,0.0
2011-03-14,0.0
2011-03-15,4844500.0
2011-03-16,5977500.0
2011-03-17,1772000.0
2011-03-18,4581500.0
2011-03-19,5087000.0
2011-03-20,0.0
2011-03-21,4050500.0
2011-03-22,2400500.0
2011-03-23,4569000.0
2011-03-24,3747500.0
2011-03-25,6609500.0
2011-03-26,5716001.0
2011-03-27,1015000.0
2011-03-28,1440000.0
2011-03-29,3658950.0
2011-03-30,3520000.0
2011-03-31,4171250.0
2011-04-01,4514500.0
2011-04-02,594000.0
2011-04-03,0.0
2011-04-04,6869500.0
2011-04-05,4719500.0
2011-04-06,9046000.0
2011-04-07,2546110.0
2011-04-08,4601500.0
2011-04-09,2481000.0
2011-04-10,0.0
2011-04-11,1852500.0
2011-04-12,4314000.0
2011-04-13,4448000.0
2011-04-14,1008650.0
2011-04-15,4660000.0
2011-04-16,3680000.0
2011-04-17,0.0
2011-04-18,3568000.0
2011-04-19,3697000.0
2011-04-20,2733500.0
2011-04-21,4879500.0
2011-04-22,0.0
2011-04-23,0.0
2011-04-24,0.0
2011-04-25,0.0
2011-04-26,0.0
2011-04-27,3678000.0
2011-04-28,3327000.0
2011-04-29,6060500.0
2011-04-30,2823500.0
2011-05-01,0.0
2011-05-02,4645300.0
2011-05-03,6628500.0
2011-05-04,5981500.0
2011-05-05,3380950.0
2011-05-06,5854500.0
2011-05-07,1450500.0
2011-05-08,611000.0
2011-05-09,3515000.0
2011-05-10,3383500.0
2011-05-11,2356500.0
2011-05-12,1903000.0
2011-05-13,4514000.0
2011-05-14,1027000.0
2011-05-15,0.0
2011-05-16,5011200.0
2011-05-17,4235500.0
2011-05-18,1131000.0
2011-05-19,1056000.0
2011-05-20,3498950.0
2011-05-21,1174500.0
2011-05-22,0.0
2011-05-23,2646000.0
2011-05-24,3747500.0
2011-05-25,5332178.0
2011-05-26,3138000.0
2011-05-27,3285000.0
2011-05-28,1170000.0
2011-05-29,0.0
2011-05-30,3289000.0
2011-05-31,3261000.0
2011-06-01,5459500.0
2011-06-02,1020000.0
2011-06-03,2611000.0
2011-06-04,0.0
2011-06-05,0.0
2011-06-06,6029000.0
2011-06-07,2006000.0
2011-06-08,2849000.0
2011-06-09,3803090.0
2011-06-10,2405000.0
2011-06-11,1341000.0
2011-06-12,0.0
2011-06-13,0.0
2011-06-14,6101990.0
2011-06-15,3703000.0
2011-06-16,3389000.0
2011-06-17,2603000.0
2011-06-18,2958500.0
2011-06-19,0.0
2011-06-20,4399000.0
2011-06-21,1792000.0
2011-06-22,0.0
2011-06-23,3680000.0
2011-06-24,460000.0
2011-06-25,0.0
2011-06-26,0.0
2011-06-27,2535000.0
2011-06-28,4517000.0
2011-06-29,6874000.0
2011-06-30,410000.0
2011-07-01,3181000.0
2011-07-02,670000.0
2011-07-03,572000.0
2011-07-04,9075000.0
2011-07-05,1340000.0
2011-07-06,460000.0
2011-07-07,2289000.0
2011-07-08,2363000.0
2011-07-09,2650000.0
2011-07-10,0.0
2011-07-11,1590000.0
2011-07-12,2236000.0
2011-07-13,4732500.0
2011-07-14,2298950.0
2011-07-15,3263500.0
2011-07-16,3750750.0
2011-07-17,0.0
2011-07-18,2975500.0
2011-07-19,930000.0
2011-07-20,5800950.0
2011-07-21,1328500.0
2011-07-22,6219000.0
2011-07-23,2083000.0
2011-07-24,0.0
2011-07-25,3195000.0
2011-07-26,2609850.0
2011-07-27,1076000.0
2011-07-28,2762775.0
2011-07-29,2562000.0
2011-07-30,2045000.0
2011-07-31,0.0
2011-08-01,1130000.0
2011-08-02,475000.0
2011-08-03,6418803.0
2011-08-04,3222000.0
2011-08-05,8196500.0
2011-08-06,477000.0
2011-08-07,0.0
2011-08-08,3629000.0
2011-08-09,2195000.0
2011-08-10,1223000.0
2011-08-11,2977000.0
2011-08-12,2452500.0
2011-08-13,2320000.0
2011-08-14,0.0
2011-08-15,1839000.0
2011-08-16,2522950.0
2011-08-17,3117500.0
2011-08-18,3070500.0
2011-08-19,3439450.0
2011-08-20,4246000.0
2011-08-21,0.0
2011-08-22,2352500.0
2011-08-23,4133500.0
2011-08-24,1477000.0
2011-08-25,1801950.0
2011-08-26,3037000.0
2011-08-27,2958000.0
2011-08-28,0.0
2011-08-29,2350000.0
2011-08-30,3415000.0
2011-08-31,4592750.0
2011-09-01,3354000.0
2011-09-02,3287500.0
2011-09-03,372500.0
2011-09-04,0.0
2011-09-05,3848900.0
2011-09-06,822000.0
2011-09-07,7557000.0
2011-09-08,2027500.0
2011-09-09,1832000.0
2011-09-10,587500.0
2011-09-11,0.0
2011-09-12,3555950.0
2011-09-13,2650500.0
2011-09-14,522000.0
2011-09-15,1715000.0
2011-09-16,2070000.0
2011-09-17,0.0
2011-09-18,0.0
2011-09-19,3963000.0
2011-09-20,1377000.0
2011-09-21,3745950.0
2011-09-22,1037500.0
2011-09-23,2922000.0
2011-09-24,4813000.0
2011-09-25,975000.0
2011-09-26,1030000.0
2011-09-27,2415500.0
2011-09-28,390000.0
2011-09-29,1355000.0
2011-09-30,4273000.0
2011-10-01,3011000.0
2011-10-02,0.0
2011-10-03,0.0
2011-10-04,4169500.0
2011-10-05,5734500.0
2011-10-06,4122000.0
2011-10-07,3166000.0
2011-10-08,1049000.0
2011-10-09,0.0
2011-10-10,455000.0
2011-10-11,2010500.0
2011-10-12,3038500.0
2011-10-13,2917000.0
2011-10-14,1397000.0
2011-10-15,1775000.0
2011-10-16,0.0
2011-10-17,3425000.0
2011-10-18,4336000.0
2011-10-19,6338000.0
2011-10-20,2748000.0
2011-10-21,3629500.0
2011-10-22,1406000.0
2011-10-23,0.0
2011-10-24,3168500.0
2011-10-25,1673000.0
2011-10-26,4785000.0
2011-10-27,2740000.0
2011-10-28,2068000.0
2011-10-29,2220000.0
2011-10-30,340000.0
2011-10-31,1911000.0
2011-11-01,1895000.0
2011-11-02,4488000.0
2011-11-03,870000.0
2011-11-04,4766000.0
2011-11-05,2745000.0
2011-11-06,571000.0
2011-11-07,6460000.0
2011-11-08,4611100.0
2011-11-09,4613100.0
2011-11-10,5043600.0
2011-11-11,2620000.0
2011-11-12,2172000.0
2011-11-13,0.0
2011-11-14,3637500.0
2011-11-15,2045000.0
2011-11-16,6055470.0
2011-11-17,6457055.0
2011-11-18,3878000.0
2011-11-19,4373000.0
2011-11-20,0.0
2011-11-21,3966950.0
2011-11-22,3512500.0
2011-11-23,3694950.0
2011-11-24,4015000.0
2011-11-25,6150500.0
2011-11-26,4449500.0
2011-11-27,0.0
2011-11-28,3031500.0
2011-11-29,5595000.0
2011-11-30,4520000.0
2011-12-01,3204500.0
2011-12-02,3149000.0
2011-12-03,3732000.0
2011-12-04,0.0
2011-12-05,4766000.0
2011-12-06,1455000.0
2011-12-07,4740000.0
2011-12-08,3559000.0
2011-12-09,4713666.0
2011-12-10,2210000.0
2011-12-11,0.0
2011-12-12,4955950.0
2011-12-13,3698000.0
2011-12-14,3465000.0
2011-12-15,1297500.0
2011-12-16,4540000.0
2011-12-17,1058000.0
2011-12-18,0.0
2011-12-19,2383500.0
2011-12-20,3650000.0
2011-12-21,4060000.0
2011-12-22,3444000.0
2011-12-23,1804250.0
2011-12-24,0.0
2011-12-25,0.0
2011-12-26,0.0
2011-12-27,0.0
2011-12-28,0.0
2011-12-29,0.0
2011-12-30,0.0
2011-12-31,0.0
2012-01-01,0.0
2012-01-02,0.0
2012-01-03,1691000.0
2012-01-04,560000.0
2012-01-05,1356500.0
2012-01-06,875000.0
2012-01-07,0.0
2012-01-08,0.0
2012-01-09,2393500.0
2012-01-10,1493500.0
2012-01-11,1410000.0
2012-01-12,1385500.0
2012-01-13,0.0
2012-01-14,0.0
2012-01-15,751500.0
2012-01-16,2667300.0
2012-01-17,3259000.0
2012-01-18,4083300.0
2012-01-19,3443000.0
2012-01-20,1312500.0
2012-01-21,985000.0
2012-01-22,0.0
2012-01-23,3473000.0
2012-01-24,2736500.0
2012-01-25,1795000.0
2012-01-26,400000.0
2012-01-27,3192000.0
2012-01-28,0.0
2012-01-29,0.0
2012-01-30,4939500.0
2012-01-31,3988500.0
2012-02-01,1208000.0
2012-02-02,3783000.0
2012-02-03,2681500.0
2012-02-04,1940000.0
2012-02-05,0.0
2012-02-06,4344300.0
2012-02-07,1654500.0
2012-02-08,4361500.0
2012-02-09,2932500.0
2012-02-10,1271000.0
2012-02-11,1382500.0
2012-02-12,0.0
2012-02-13,1876500.0
2012-02-14,3726500.0
2012-02-15,2272000.0
2012-02-16,1872000.0
2012-02-17,4799450.0
2012-02-18,2517500.0
2012-02-19,0.0
2012-02-20,8476000.0
2012-02-21,6089000.0
2012-02-22,3600500.0
2012-02-23,2826000.0
2012-02-24,4540000.0
2012-02-25,697000.0
2012-02-26,0.0
2012-02-27,1590000.0
2012-02-28,3479000.0
2012-02-29,2319500.0
2012-03-01,3405000.0
2012-03-02,5940500.0
2012-03-03,1866000.0
2012-03-04,0.0
2012-03-05,3560950.0
2012-03-06,2657000.0
2012-03-07,7044000.0
2012-03-08,4212500.0
2012-03-09,4064000.0
2012-03-10,1126500.0
2012-03-11,0.0
2012-03-12,0.0
2012-03-13,2493000.0
2012-03-14,2321500.0
2012-03-15,3937000.0
2012-03-16,4929250.0
2012-03-17,4290000.0
2012-03-18,0.0
2012-03-19,5951000.0
2012-03-20,2227500.0
2012-03-21,2319500.0
2012-03-22,3360000.0
2012-03-23,3727500.0
2012-03-24,4000000.0
2012-03-25,0.0
2012-03-26,2547000.0
2012-03-27,2776000.0
2012-03-28,3227000.0
2012-03-29,5950500.0
2012-03-30,6247750.0
2012-03-31,3437000.0
2012-04-01,0.0
2012-04-02,2213000.0
2012-04-03,2051000.0
2012-04-04,4335491.0
2012-04-05,6571000.0
2012-04-06,963000.0
2012-04-07,0.0
2012-04-08,0.0
2012-04-09,0.0
2012-04-10,2188000.0
2012-04-11,5049277.0
2012-04-12,2617500.0
2012-04-13,1905000.0
2012-04-14,3956000.0
2012-04-15,0.0
2012-04-16,1515000.0
2012-04-17,3752000.0
2012-04-18,1836950.0
2012-04-19,4236750.0
2012-04-20,2393000.0
2012-04-21,939000.0
2012-04-22,0.0
2012-04-23,3717000.0
2012-04-24,444000.0
2012-04-25,366000.0
2012-04-26,3817550.0
2012-04-27,5246500.0
2012-04-28,2220000.0
2012-04-29,0.0
2012-04-30,1042500.0
2012-05-01,2490000.0
2012-05-02,450000.0
2012-05-03,5871000.0
2012-05-04,2890125.0
2012-05-05,2207000.0
2012-05-06,0.0
2012-05-07,5775000.0
2012-05-08,4075000.0
2012-05-09,3441000.0
2012-05-10,3616700.0
2012-05-11,2674500.0
2012-05-12,3057500.0
2012-05-13,0.0
2012-05-14,1920500.0
2012-05-15,1256000.0
2012-05-16,2767500.0
2012-05-17,3027450.0
2012-05-18,3543000.0
2012-05-19,2524000.0
2012-05-20,0.0
2012-05-21,6472500.0
2012-05-22,2654000.0
2012-05-23,4793000.0
2012-05-24,5293250.0
2012-05-25,6302000.0
2012-05-26,2450000.0
2012-05-27,0.0
2012-05-28,1770000.0
2012-05-29,4191720.0
2012-05-30,2124000.0
2012-05-31,4793500.0
2012-06-01,1840500.0
2012-06-02,1765000.0
2012-06-03,0.0
2012-06-04,475000.0
2012-06-05,3741950.0
2012-06-06,2914000.0
2012-06-07,4765250.0
2012-06-08,3942400.0
2012-06-09,0.0
2012-06-10,0.0
2012-06-11,692500.0
2012-06-12,1531000.0
2012-06-13,415000.0
2012-06-14,3075000.0
2012-06-15,1250000.0
2012-06-16,1535000.0
2012-06-17,0.0
2012-06-18,5962700.0
2012-06-19,1254000.0
2012-06-20,1670000.0
2012-06-21,947500.0
2012-06-22,1923000.0
2012-06-23,510000.0
2012-06-24,0.0
2012-06-25,5087000.0
2012-06-26,2064500.0
2012-06-27,4389500.0
2012-06-28,3392500.0
2012-06-29,7570500.0
2012-06-30,1730000.0
2012-07-01,0.0
2012-07-02,2828000.0
2012-07-03,4092000.0
2012-07-04,3148500.0
2012-07-05,2826000.0
2012-07-06,4714950.0
2012-07-07,1145000.0
2012-07-08,0.0
2012-07-09,1280000.0
2012-07-10,2071000.0
2012-07-11,3659000.0
2012-07-12,1806500.0
2012-07-13,2740000.0
2012-07-14,1332000.0
2012-07-15,1212000.0
2012-07-16,5137000.0
2012-07-17,569000.0
2012-07-18,3525300.0
2012-07-19,1452000.0
2012-07-20,3282500.0
2012-07-21,430000.0
2012-07-22,0.0
2012-07-23,3885500.0
2012-07-24,4157000.0
2012-07-25,3332000.0
2012-07-26,2475000.0
2012-07-27,1898000.0
2012-07-28,5878000.0
2012-07-29,0.0
2012-07-30,4259111.0
2012-07-31,3955000.0
2012-08-01,1624500.0
2012-08-02,5012000.0
2012-08-03,4639400.0
2012-08-04,3005000.0
2012-08-05,0.0
2012-08-06,2732500.0
2012-08-07,1560000.0
2012-08-08,2722500.0
2012-08-09,895000.0
2012-08-10,4152000.0
2012-08-11,2415000.0
2012-08-12,447000.0
2012-08-13,4906500.0
2012-08-14,2391000.0
2012-08-15,3951000.0
2012-08-16,3359003.0
2012-08-17,6291000.0
2012-08-18,2722000.0
2012-08-19,0.0
2012-08-20,1985000.0
2012-08-21,2784000.0
2012-08-22,2851000.0
2012-08-23,4192000.0
2012-08-24,4003000.0
2012-08-25,2825499.0
2012-08-26,0.0
2012-08-27,3250000.0
2012-08-28,3273000.0
2012-08-29,4814600.0
2012-08-30,4219000.0
2012-08-31,6148000.0
2012-09-01,2441000.0
2012-09-02,0.0
2012-09-03,1407000.0
2012-09-04,175253.0
2012-09-05,6379000.0
2012-09-06,1147500.0
2012-09-07,6570000.0
2012-09-08,1251000.0
2012-09-09,763000.0
2012-09-10,5182500.0
2012-09-11,5534000.0
2012-09-12,3316500.0
2012-09-13,2395500.0
2012-09-14,3797000.0
2012-09-15,3748000.0
2012-09-16,0.0
2012-09-17,4454000.0
2012-09-18,2008500.0
2012-09-19,4161650.0
2012-09-20,3908000.0
2012-09-21,3689250.0
2012-09-22,13392500.0
2012-09-23,516000.0
2012-09-24,4294200.0
2012-09-25,3365150.0
2012-09-26,2363000.0
2012-09-27,1965500.0
2012-09-28,6712000.0
2012-09-29,1756000.0
2012-09-30,552000.0
2012-10-01,0.0
2012-10-02,1700500.0
2012-10-03,5026500.0
2012-10-04,6153760.0
2012-10-05,4959000.0
2012-10-06,1632500.0
2012-10-07,0.0
2012-10-08,0.0
2012-10-09,3395000.0
2012-10-10,4980250.0
2012-10-11,4443650.0
2012-10-12,4973000.0
2012-10-13,645000.0
2012-10-14,0.0
2012-10-15,2662500.0
2012-10-16,3603000.0
2012-10-17,6944000.0
2012-10-18,2532000.0
2012-10-19,10243678.0
2012-10-20,1805000.0
2012-10-21,0.0
2012-10-22,6219000.0
2012-10-23,3914000.0
2012-10-24,3852000.0
2012-10-25,3064000.0
2012-10-26,4080000.0
2012-10-27,1101000.0
2012-10-28,0.0
2012-10-29,4264950.0
2012-10-30,4974000.0
2012-10-31,4207000.0
2012-11-01,3280500.0
2012-11-02,5621000.0
2012-11-03,9413500.0
2012-11-04,0.0
2012-11-05,3255500.0
2012-11-06,4283000.0
2012-11-07,5106300.0
2012-11-08,3151400.0
2012-11-09,5378000.0
2012-11-10,6460990.0
2012-11-11,0.0
2012-11-12,4658888.0
2012-11-13,3704000.0
2012-11-14,640000.0
2012-11-15,4320000.0
2012-11-16,6084000.0
2012-11-17,8165500.0
2012-11-18,0.0
2012-11-19,3751500.0
2012-11-20,3351000.0
2012-11-21,5789500.0
2012-11-22,3690000.0
2012-11-23,5616500.0
2012-11-24,3715500.0
2012-11-25,455000.0
2012-11-26,6774000.0
2012-11-27,6339199.0
2012-11-28,3409000.0
2012-11-29,1900000.0
2012-11-30,3705500.0
2012-12-01,5684000.0
2012-12-02,0.0
2012-12-03,7987000.0
2012-12-04,5106000.0
2012-12-05,2795500.0
2012-12-06,4970750.0
2012-12-07,6015500.0
2012-12-08,4341000.0
2012-12-09,0.0
2012-12-10,3616000.0
2012-12-11,11018500.0
2012-12-12,2110000.0
2012-12-13,1835500.0
2012-12-14,5114000.0
2012-12-15,2543000.0
2012-12-16,0.0
2012-12-17,4407500.0
2012-12-18,4640000.0
2012-12-19,5371500.0
2012-12-20,4522000.0
2012-12-21,10284000.0
2012-12-22,0.0
2012-12-23,510000.0
2012-12-24,0.0
2012-12-25,0.0
2012-12-26,0.0
2012-12-27,0.0
2012-12-28,477000.0
2012-12-29,0.0
2012-12-30,0.0
2012-12-31,0.0
2013-01-01,0.0
2013-01-02,615000.0
2013-01-03,582500.0
2013-01-04,1105000.0
2013-01-05,0.0
2013-01-06,0.0
2013-01-07,2656500.0
2013-01-08,2500000.0
2013-01-09,2076500.0
2013-01-10,4747000.0
2013-01-11,1889000.0
2013-01-12,550000.0
2013-01-13,0.0
2013-01-14,4120500.0
2013-01-15,3651000.0
2013-01-16,2811100.0
2013-01-17,1977500.0
2013-01-18,4875227.0
2013-01-19,0.0
2013-01-20,0.0
2013-01-21,3752500.0
2013-01-22,2800000.0
2013-01-23,4260950.0
2013-01-24,2615000.0
2013-01-25,4005450.0
2013-01-26,0.0
2013-01-27,915000.0
2013-01-28,0.0
2013-01-29,2246777.0
2013-01-30,3836000.0
2013-01-31,2521000.0
2013-02-01,3953000.0
2013-02-02,2382500.0
2013-02-03,0.0
2013-02-04,3131000.0
2013-02-05,2555000.0
2013-02-06,5572525.0
2013-02-07,2755000.0
2013-02-08,5587150.0
2013-02-09,725000.0
2013-02-10,0.0
2013-02-11,920000.0
2013-02-12,1631250.0
2013-02-13,1227000.0
2013-02-14,1304500.0
2013-02-15,5938150.0
2013-02-16,1427500.0
2013-02-17,1005000.0
2013-02-18,3312550.0
2013-02-19,2294500.0
2013-02-20,4556500.0
2013-02-21,5710488.0
2013-02-22,2325000.0
2013-02-23,1455000.0
2013-02-24,1410000.0
2013-02-25,4331075.0
2013-02-26,2967300.0
2013-02-27,4823500.0
2013-02-28,6280400.0
2013-03-01,4162000.0
2013-03-02,1102000.0
2013-03-03,472000.0
2013-03-04,2481500.0
2013-03-05,5807000.0
2013-03-06,5872500.0
2013-03-07,1600055.0
2013-03-08,3261300.0
2013-03-09,1226000.0
2013-03-10,0.0
2013-03-11,0.0
2013-03-12,5491500.0
2013-03-13,4733000.0
2013-03-14,3312500.0
2013-03-15,6144490.0
2013-03-16,2040000.0
2013-03-17,0.0
2013-03-18,4935000.0
2013-03-19,5060500.0
2013-03-20,3460500.0
2013-03-21,4256000.0
2013-03-22,4394000.0
2013-03-23,488500.0
2013-03-24,782500.0
2013-03-25,8179800.0
2013-03-26,3230000.0
2013-03-27,2583000.0
2013-03-28,7005000.0
2013-03-29,443000.0
2013-03-30,0.0
2013-03-31,0.0
2013-04-01,0.0
2013-04-02,2829950.0
2013-04-03,6054000.0
2013-04-04,2313400.0
2013-04-05,7188500.0
2013-04-06,395000.0
2013-04-07,0.0
2013-04-08,4881950.0
2013-04-09,4240500.0
2013-04-10,7879000.0
2013-04-11,1943500.0
2013-04-12,3384500.0
2013-04-13,4069500.0
2013-04-14,1635000.0
2013-04-15,3804500.0
2013-04-16,2332000.0
2013-04-17,4023500.0
2013-04-18,3776000.0
2013-04-19,4902000.0
2013-04-20,1449000.0
2013-04-21,0.0
2013-04-22,3431500.0
2013-04-23,2733000.0
2013-04-24,4215915.0
2013-04-25,0.0
2013-04-26,4955823.0
2013-04-27,1890000.0
2013-04-28,0.0
2013-04-29,4622000.0
2013-04-30,929000.0
2013-05-01,2558000.0
2013-05-02,4705000.0
2013-05-03,2472500.0
2013-05-04,4858000.0
2013-05-05,0.0
2013-05-06,9766000.0
2013-05-07,3406500.0
2013-05-08,3030950.0
2013-05-09,3248500.0
2013-05-10,1672500.0
2013-05-11,1275000.0
2013-05-12,0.0
2013-05-13,7152500.0
2013-05-14,3905515.0
2013-05-15,4294700.0
2013-05-16,1842000.0
2013-05-17,3231000.0
2013-05-18,2221500.0
2013-05-19,0.0
2013-05-20,4117500.0
2013-05-21,1995000.0
2013-05-22,1641600.0
2013-05-23,1510000.0
2013-05-24,2401500.0
2013-05-25,3660500.0
2013-05-26,442000.0
2013-05-27,7085000.0
2013-05-28,5933400.0
2013-05-29,4000000.0
2013-05-30,2940500.0
2013-05-31,3653000.0
2013-06-01,2082000.0
2013-06-02,0.0
2013-06-03,4271400.0
2013-06-04,5474000.0
2013-06-05,5527000.0
2013-06-06,4690000.0
2013-06-07,5854500.0
2013-06-08,770000.0
2013-06-09,465000.0
2013-06-10,325000.0
2013-06-11,1718500.0
2013-06-12,1521000.0
2013-06-13,3441630.0
2013-06-14,6042400.0
2013-06-15,2330000.0
2013-06-16,630000.0
2013-06-17,2483500.0
2013-06-18,4510000.0
2013-06-19,5680000.0
2013-06-20,2435450.0
2013-06-21,2900000.0
2013-06-22,2079500.0
2013-06-23,0.0
2013-06-24,2431600.0
2013-06-25,3787500.0
2013-06-26,4451750.0
2013-06-27,3862500.0
2013-06-28,3950000.0
2013-06-29,4566500.0
2013-06-30,0.0
2013-07-01,7237000.0
2013-07-02,5754850.0
2013-07-03,5742750.0
2013-07-04,2437000.0
2013-07-05,2831500.0
2013-07-06,1797000.0
2013-07-07,0.0
2013-07-08,3629750.0
2013-07-09,6282500.0
2013-07-10,3708000.0
2013-07-11,5372450.0
2013-07-12,5085000.0
2013-07-13,1458000.0
2013-07-14,0.0
2013-07-15,4488500.0
2013-07-16,2937500.0
2013-07-17,4040000.0
2013-07-18,3008950.0
2013-07-19,6330085.0
2013-07-20,2614000.0
2013-07-21,0.0
2013-07-22,4630000.0
2013-07-23,7504500.0
2013-07-24,6547500.0
2013-07-25,1182000.0
2013-07-26,6010260.0
2013-07-27,1010000.0
2013-07-28,0.0
2013-07-29,3890000.0
2013-07-30,5214842.0
2013-07-31,5174500.0
2013-08-01,3725000.0
2013-08-02,4224500.0
2013-08-03,1776500.0
2013-08-04,0.0
2013-08-05,3945000.0
2013-08-06,4366000.0
2013-08-07,5662000.0
2013-08-08,8206560.0
2013-08-09,2572000.0
2013-08-10,2717500.0
2013-08-11,0.0
2013-08-12,3034000.0
2013-08-13,4282000.0
2013-08-14,3704000.0
2013-08-15,2545500.0
2013-08-16,5311500.0
2013-08-17,5890500.0
2013-08-18,0.0
2013-08-19,5193500.0
2013-08-20,3247500.0
2013-08-21,7111200.0
2013-08-22,3089000.0
2013-08-23,5590500.0
2013-08-24,6680500.0
2013-08-25,0.0
2013-08-26,5378500.0
2013-08-27,3973000.0
2013-08-28,5856500.0
2013-08-29,4382000.0
2013-08-30,9656236.0
2013-08-31,2817000.0
2013-09-01,925000.0
2013-09-02,1677400.0
2013-09-03,4119500.0
2013-09-04,2762500.0
2013-09-05,3733000.0
2013-09-06,2868450.0
2013-09-07,3813000.0
2013-09-08,0.0
2013-09-09,1029500.0
2013-09-10,4410000.0
2013-09-11,4312000.0
2013-09-12,2568000.0
2013-09-13,810000.0
2013-09-14,3804700.0
2013-09-15,0.0
2013-09-16,2295000.0
2013-09-17,2003500.0
2013-09-18,7072000.0
2013-09-19,1882000.0
2013-09-20,3902500.0
2013-09-21,7655000.0
2013-09-22,0.0
2013-09-23,6706000.0
2013-09-24,3768000.0
2013-09-25,2636000.0
2013-09-26,4288950.0
2013-09-27,2940300.0
2013-09-28,3147000.0
2013-09-29,0.0
2013-09-30,1120000.0
2013-10-01,2700500.0
2013-10-02,3811500.0
2013-10-03,4421000.0
2013-10-04,3951450.0
2013-10-05,0.0
2013-10-06,0.0
2013-10-07,390000.0
2013-10-08,2024000.0
2013-10-09,2372000.0
2013-10-10,3123500.0
2013-10-11,3095000.0
2013-10-12,6928000.0
2013-10-13,0.0
2013-10-14,3852500.0
2013-10-15,3626000.0
2013-10-16,3236500.0
2013-10-17,3257000.0
2013-10-18,2111000.0
2013-10-19,7593000.0
2013-10-20,0.0
2013-10-21,2824000.0
2013-10-22,6030400.0
2013-10-23,3705000.0
2013-10-24,2567500.0
2013-10-25,6654000.0
2013-10-26,5667500.0
2013-10-27,0.0
2013-10-28,2563500.0
2013-10-29,3797000.0
2013-10-30,1047000.0
2013-10-31,5834000.0
2013-11-01,4124000.0
2013-11-02,935000.0
2013-11-03,0.0
2013-11-04,2789000.0
2013-11-05,2721600.0
2013-11-06,5597000.0
2013-11-07,10372280.0
2013-11-08,4293000.0
2013-11-09,2714000.0
2013-11-10,500000.0
2013-11-11,4748000.0
2013-11-12,4173000.0
2013-11-13,7326500.0
2013-11-14,5850000.0
2013-11-15,7102300.0
2013-11-16,4493500.0
2013-11-17,0.0
2013-11-18,6887000.0
2013-11-19,4733500.0
2013-11-20,5550000.0
2013-11-21,6967800.0
2013-11-22,4491500.0
2013-11-23,3186750.0
2013-11-24,0.0
2013-11-25,5397750.0
2013-11-26,4465000.0
2013-11-27,5562900.0
2013-11-28,6633500.0
2013-11-29,4708000.0
2013-11-30,6491000.0
2013-12-01,0.0
2013-12-02,2422250.0
2013-12-03,2985500.0
2013-12-04,5800000.0
2013-12-05,3279000.0
2013-12-06,4699500.0
2013-12-07,13972500.0
2013-12-08,457500.0
2013-12-09,6619450.0
2013-12-10,4879000.0
2013-12-11,7062500.0
2013-12-12,2136000.0
2013-12-13,3679250.0
2013-12-14,4114000.0
2013-12-15,0.0
2013-12-16,5300500.0
2013-12-17,2848950.0
2013-12-18,8926500.0
2013-12-19,3390000.0
2013-12-20,11681300.0
2013-12-21,648000.0
2013-12-22,0.0
2013-12-23,7997000.0
2013-12-24,2294000.0
2013-12-25,0.0
2013-12-26,0.0
2013-12-27,0.0
2013-12-28,0.0
2013-12-29,0.0
2013-12-30,0.0
2013-12-31,0.0
2014-01-01,0.0
2014-01-02,0.0
2014-01-03,0.0
2014-01-04,0.0
2014-01-05,0.0
2014-01-06,943000.0
2014-01-07,3295200.0
2014-01-08,1037000.0
2014-01-09,1047000.0
2014-01-10,760000.0
2014-01-11,0.0
2014-01-12,0.0
2014-01-13,4487900.0
2014-01-14,1942495.0
2014-01-15,875700.0
2014-01-16,3592500.0
2014-01-17,4212000.0
2014-01-18,0.0
2014-01-19,0.0
2014-01-20,5831500.0
2014-01-21,5475000.0
2014-01-22,4912650.0
2014-01-23,2930000.0
2014-01-24,2991000.0
2014-01-25,495000.0
2014-01-26,0.0
2014-01-27,0.0
2014-01-28,4257000.0
2014-01-29,5074000.0
2014-01-30,3004000.0
2014-01-31,5662000.0
2014-02-01,1097500.0
2014-02-02,0.0
2014-02-03,4887999.0
2014-02-04,4933000.0
2014-02-05,3977000.0
2014-02-06,5329000.0
2014-02-07,9159000.0
2014-02-08,3190000.0
2014-02-09,0.0
2014-02-10,6676500.0
2014-02-11,8314374.0
2014-02-12,5505000.0
2014-02-13,4376000.0
2014-02-14,8369450.0
2014-02-15,7228500.0
2014-02-16,0.0
2014-02-17,4950500.0
2014-02-18,7500000.0
2014-02-19,6335235.0
2014-02-20,7760500.0
2014-02-21,8391500.0
2014-02-22,9696000.0
2014-02-23,0.0
2014-02-24,9082950.0
2014-02-25,6919500.0
2014-02-26,1974500.0
2014-02-27,4608500.0
2014-02-28,4657500.0
2014-03-01,5267000.0
2014-03-02,0.0
2014-03-03,6967450.0
2014-03-04,3851950.0
2014-03-05,7044500.0
2014-03-06,9582500.0
2014-03-07,5264000.0
2014-03-08,3010000.0
2014-03-09,0.0
2014-03-10,232000.0
2014-03-11,2728000.0
2014-03-12,6191000.0
2014-03-13,5549500.0
2014-03-14,7563000.0
2014-03-15,9381000.0
2014-03-16,0.0
2014-03-17,3399000.0
2014-03-18,6051000.0
2014-03-19,6315500.0
2014-03-20,4712000.0
2014-03-21,10380100.0
2014-03-22,7930000.0
2014-03-23,440000.0
2014-03-24,5339500.0
2014-03-25,3255000.0
2014-03-26,8428318.0
2014-03-27,6490500.0
2014-03-28,6177500.0
2014-03-29,6390000.0
2014-03-30,0.0
2014-03-31,8947500.0
2014-04-01,4342000.0
2014-04-02,4841000.0
2014-04-03,5810100.0
2014-04-04,7505500.0
2014-04-05,5516500.0
2014-04-06,642000.0
2014-04-07,6059500.0
2014-04-08,3234500.0
2014-04-09,4853000.0
2014-04-10,6199490.0
2014-04-11,4944000.0
2014-04-12,6712500.0
2014-04-13,0.0
2014-04-14,10885800.0
2014-04-15,3856000.0
2014-04-16,10013000.0
2014-04-17,6748000.0
2014-04-18,720100.0
2014-04-19,0.0
2014-04-20,0.0
2014-04-21,0.0
2014-04-22,5535050.0
2014-04-23,7330500.0
2014-04-24,4193500.0
2014-04-25,0.0
2014-04-26,562000.0
2014-04-27,0.0
2014-04-28,5078050.0
2014-04-29,5734200.0
2014-04-30,7527500.0
2014-05-01,2876000.0
2014-05-02,6325000.0
2014-05-03,7006000.0
2014-05-04,0.0
2014-05-05,5455000.0
2014-05-06,6773000.0
2014-05-07,7528500.0
2014-05-08,4307500.0
2014-05-09,6134000.0
2014-05-10,4339000.0
2014-05-11,0.0
2014-05-12,7150450.0
2014-05-13,4133500.0
2014-05-14,4181000.0
2014-05-15,3427500.0
2014-05-16,4581990.0
2014-05-17,1979000.0
2014-05-18,0.0
2014-05-19,5373150.0
2014-05-20,4914450.0
2014-05-21,4332500.0
2014-05-22,4565000.0
2014-05-23,5462000.0
2014-05-24,9178000.0
2014-05-25,0.0
2014-05-26,7388500.0
2014-05-27,6672000.0
2014-05-28,2089600.0
2014-05-29,4249950.0
2014-05-30,2438500.0
2014-05-31,10851000.0
2014-06-01,0.0
2014-06-02,5478000.0
2014-06-03,1152250.0
2014-06-04,6024000.0
2014-06-05,6494000.0
2014-06-06,4696500.0
2014-06-07,1697000.0
2014-06-08,0.0
2014-06-09,405000.0
2014-06-10,3761000.0
2014-06-11,2491990.0
2014-06-12,4346500.0
2014-06-13,6080000.0
2014-06-14,7438500.0
2014-06-15,0.0
2014-06-16,3110500.0
2014-06-17,5010500.0
2014-06-18,4316607.0
2014-06-19,1064040.0
2014-06-20,8450500.0
2014-06-21,5033000.0
2014-06-22,1100000.0
2014-06-23,7109000.0
2014-06-24,2703000.0
2014-06-25,3201000.0
2014-06-26,8457000.0
2014-06-27,4462950.0
2014-06-28,5928500.0
2014-06-29,510000.0
2014-06-30,6643901.0
2014-07-01,4146000.0
2014-07-02,5759500.0
2014-07-03,2790500.0
2014-07-04,5284481.0
2014-07-05,5369000.0
2014-07-06,0.0
2014-07-07,5094000.0
2014-07-08,3268150.0
2014-07-09,2817500.0
2014-07-10,5866000.0
2014-07-11,5253000.0
2014-07-12,5184500.0
2014-07-13,0.0
2014-07-14,3426000.0
2014-07-15,5169001.0
2014-07-16,4837500.0
2014-07-17,3298450.0
2014-07-18,6681338.0
2014-07-19,4096500.0
2014-07-20,0.0
2014-07-21,6084500.0
2014-07-22,6703500.0
2014-07-23,2029000.0
2014-07-24,3220000.0
2014-07-25,5492900.0
2014-07-26,8041500.0
2014-07-27,0.0
2014-07-28,7697500.0
2014-07-29,513000.0
2014-07-30,4632000.0
2014-07-31,7469000.0
2014-08-01,4129000.0
2014-08-02,3742000.0
2014-08-03,0.0
2014-08-04,4230500.0
2014-08-05,3836300.0
2014-08-06,7027990.0
2014-08-07,3662000.0
2014-08-08,6587450.0
2014-08-09,4662000.0
2014-08-10,0.0
2014-08-11,5293850.0
2014-08-12,360000.0
2014-08-13,5033950.0
2014-08-14,5065000.0
2014-08-15,4763650.0
2014-08-16,10407000.0
2014-08-17,0.0
2014-08-18,3434600.0
2014-08-19,6624000.0
2014-08-20,5109000.0
2014-08-21,3130500.0
2014-08-22,2643500.0
2014-08-23,3474000.0
2014-08-24,0.0
2014-08-25,3906500.0
2014-08-26,4763000.0
2014-08-27,4098000.0
2014-08-28,6408500.0
2014-08-29,5432000.0
2014-08-30,8601000.0
2014-08-31,0.0
2014-09-01,5658555.0
2014-09-02,4076000.0
2014-09-03,5838500.0
2014-09-04,2225000.0
2014-09-05,8475500.0
2014-09-06,10891500.0
2014-09-07,0.0
2014-09-08,3211000.0
2014-09-09,2435000.0
2014-09-10,5080500.0
2014-09-11,2537350.0
2014-09-12,6414000.0
2014-09-13,9601500.0
2014-09-14,0.0
2014-09-15,4137500.0
2014-09-16,4226000.0
2014-09-17,4493000.0
2014-09-18,8239500.0
2014-09-19,4679500.0
2014-09-20,16209500.0
2014-09-21,0.0
2014-09-22,4865950.0
2014-09-23,1880500.0
2014-09-24,4323500.0
2014-09-25,5698000.0
2014-09-26,5573000.0
2014-09-27,7605500.0
2014-09-28,844000.0
2014-09-29,0.0
2014-09-30,5328500.0
2014-10-01,9230500.0
2014-10-02,4643250.0
2014-10-03,4397000.0
2014-10-04,460000.0
2014-10-05,0.0
2014-10-06,0.0
2014-10-07,3488125.0
2014-10-08,3795000.0
2014-10-09,4360000.0
2014-10-10,3105500.0
2014-10-11,10597000.0
2014-10-12,0.0
2014-10-13,3481000.0
2014-10-14,5874000.0
2014-10-15,6146500.0
2014-10-16,6085000.0
2014-10-17,8830950.0
2014-10-18,6977000.0
2014-10-19,0.0
2014-10-20,8399000.0
2014-10-21,8192500.0
2014-10-22,4572000.0
2014-10-23,6396500.0
2014-10-24,11818500.0
2014-10-25,7298000.0
2014-10-26,725000.0
2014-10-27,6661000.0
2014-10-28,4285450.0
2014-10-29,6773200.0
2014-10-30,3863250.0
2014-10-31,9027000.0
2014-11-01,13022500.0
2014-11-02,0.0
2014-11-03,2410000.0
2014-11-04,4636500.0
2014-11-05,10750500.0
2014-11-06,8134000.0
2014-11-07,6631500.0
2014-11-08,16386500.0
2014-11-09,306500.0
2014-11-10,13321300.0
2014-11-11,10969450.0
2014-11-12,6891500.0
2014-11-13,7633500.0
2014-11-14,8530000.0
2014-11-15,13318500.0
2014-11-16,610000.0
2014-11-17,6979000.0
2014-11-18,6356000.0
2014-11-19,8322500.0
2014-11-20,7832600.0
2014-11-21,6890750.0
2014-11-22,11544000.0
2014-11-23,0.0
2014-11-24,11135500.0
2014-11-25,6776500.0
2014-11-26,6682000.0
2014-11-27,2903000.0
2014-11-28,8100000.0
2014-11-29,14175000.0
2014-11-30,800000.0
2014-12-01,5880500.0
2014-12-02,7293500.0
2014-12-03,9747400.0
2014-12-04,4706350.0
2014-12-05,9852000.0
2014-12-06,17132000.0
2014-12-07,0.0
2014-12-08,4638000.0
2014-12-09,3130000.0
2014-12-10,5260236.0
2014-12-11,5132500.0
2014-12-12,3983999.0
2014-12-13,11451000.0
2014-12-14,425000.0
2014-12-15,7948300.0
2014-12-16,4041000.0
2014-12-17,15947905.0
2014-12-18,9728900.0
2014-12-19,10133950.0
2014-12-20,1497000.0
2014-12-21,0.0
2014-12-22,7137000.0
2014-12-23,8990000.0
2014-12-24,3945500.0
2014-12-25,0.0
2014-12-26,0.0
2014-12-27,0.0
2014-12-28,0.0
2014-12-29,0.0
2014-12-30,1682500.0
2014-12-31,0.0
2015-01-01,0.0
2015-01-02,0.0
2015-01-03,0.0
2015-01-04,0.0
2015-01-05,1820000.0
2015-01-06,949000.0
2015-01-07,2031000.0
2015-01-08,1748500.0
2015-01-09,3496277.0
2015-01-10,0.0
2015-01-11,0.0
2015-01-12,1647000.0
2015-01-13,3493500.0
2015-01-14,3469000.0
2015-01-15,2323500.0
2015-01-16,5894444.0
2015-01-17,1752000.0
2015-01-18,0.0
2015-01-19,3642500.0
2015-01-20,1405000.0
2015-01-21,2232000.0
2015-01-22,1880000.0
2015-01-23,3487500.0
2015-01-24,0.0
2015-01-25,0.0
2015-01-26,400000.0
2015-01-27,2244000.0
2015-01-28,5585450.0
2015-01-29,3718000.0
2015-01-30,5745000.0
2015-01-31,2848000.0
2015-02-01,0.0
2015-02-02,6239500.0
2015-02-03,4879400.0
2015-02-04,9980400.0
2015-02-05,7829950.0
2015-02-06,1516000.0
2015-02-07,6884500.0
2015-02-08,600000.0
2015-02-09,4471000.0
2015-02-10,7415500.0
2015-02-11,5441000.0
2015-02-12,3033000.0
2015-02-13,8548100.0
2015-02-14,11424000.0
2015-02-15,0.0
2015-02-16,9152100.0
2015-02-17,4378000.0
2015-02-18,9107000.0
2015-02-19,6422450.0
2015-02-20,5106000.0
2015-02-21,19951500.0
2015-02-22,0.0
2015-02-23,4869500.0
2015-02-24,5051000.0
2015-02-25,5005000.0
2015-02-26,9855500.0
2015-02-27,12675700.0
2015-02-28,20926500.0
2015-03-01,560000.0
2015-03-02,5583126.0
2015-03-03,7176250.0
2015-03-04,10956000.0
2015-03-05,11808392.0
2015-03-06,6462000.0
2015-03-07,7506000.0
2015-03-08,0.0
2015-03-09,435000.0
2015-03-10,8387850.0
2015-03-11,9005500.0
2015-03-12,6781000.0
2015-03-13,9198000.0
2015-03-14,20195000.0
2015-03-15,470000.0
2015-03-16,7196000.0
2015-03-17,7488500.0
2015-03-18,10102250.0
2015-03-19,4577000.0
2015-03-20,8621000.0
2015-03-21,10315000.0
2015-03-22,0.0
2015-03-23,3218500.0
2015-03-24,3206000.0
2015-03-25,8448000.0
2015-03-26,9773200.0
2015-03-27,8008900.0
2015-03-28,18302500.0
2015-03-29,491500.0
2015-03-30,5245500.0
2015-03-31,10483500.0
2015-04-01,15499500.0
2015-04-02,10538000.0
2015-04-03,700000.0
2015-04-04,0.0
2015-04-05,0.0
2015-04-06,0.0
2015-04-07,2643000.0
2015-04-08,2268900.0
2015-04-09,3410000.0
2015-04-10,5556150.0
2015-04-11,11323000.0
2015-04-12,0.0
2015-04-13,4669000.0
2015-04-14,5375000.0
2015-04-15,4185000.0
2015-04-16,5298500.0
2015-04-17,9251450.0
2015-04-18,11303500.0
2015-04-19,0.0
2015-04-20,8048400.0
2015-04-21,3095000.0
2015-04-22,6664000.0
2015-04-23,8996900.0
2015-04-24,5599000.0
2015-04-25,1860000.0
2015-04-26,1887000.0
2015-04-27,6469500.0
2015-04-28,5856000.0
2015-04-29,9437050.0
2015-04-30,4927999.0
2015-05-01,7408000.0
2015-05-02,13947500.0
2015-05-03,2100000.0
2015-05-04,8767500.0
2015-05-05,7012500.0
2015-05-06,6064500.0
2015-05-07,9243000.0
2015-05-08,7021686.0
2015-05-09,15247000.0
2015-05-10,0.0
2015-05-11,4795000.0
2015-05-12,3330000.0
2015-05-13,6297001.0
2015-05-14,10568500.0
2015-05-15,5791500.0
2015-05-16,9100500.0
2015-05-17,0.0
2015-05-18,7444786.0
2015-05-19,5772500.0
2015-05-20,9930500.0
2015-05-21,7966277.0
2015-05-22,5575900.0
2015-05-23,18600000.0
2015-05-24,510000.0
2015-05-25,7418450.0
2015-05-26,4868500.0
2015-05-27,4582000.0
2015-05-28,5043000.0
2015-05-29,4246500.0
2015-05-30,13426000.0
2015-05-31,0.0
2015-06-01,8135500.0
2015-06-02,3104000.0
2015-06-03,3700000.0
2015-06-04,4398000.0
2015-06-05,8404000.0
2015-06-06,4066000.0
2015-06-07,975000.0
2015-06-08,490000.0
2015-06-09,6341500.0
2015-06-10,3496650.0
2015-06-11,5096500.0
2015-06-12,2873055.0
2015-06-13,14388000.0
2015-06-14,0.0
2015-06-15,7227675.0
2015-06-16,5215500.0
2015-06-17,4247000.0
2015-06-18,3858000.0
2015-06-19,5969000.0
2015-06-20,8518500.0
2015-06-21,582550.0
2015-06-22,3551500.0
2015-06-23,4765500.0
2015-06-24,7618600.0
2015-06-25,7475000.0
2015-06-26,6420350.0
2015-06-27,9067000.0
2015-06-28,0.0
2015-06-29,5267100.0
2015-06-30,4614731.0
2015-07-01,5462626.0
2015-07-02,4446000.0
2015-07-03,3958000.0
2015-07-04,7971000.0
2015-07-05,560000.0
2015-07-06,2707090.0
2015-07-07,4704501.0
2015-07-08,4836000.0
2015-07-09,2618000.0
2015-07-10,5153000.0
2015-07-11,5196000.0
2015-07-12,0.0
2015-07-13,4778000.0
2015-07-14,2990750.0
2015-07-15,9360850.0
2015-07-16,390000.0
2015-07-17,10578910.0
2015-07-18,10702000.0
2015-07-19,0.0
2015-07-20,5361500.0
2015-07-21,4282000.0
2015-07-22,7156900.0
2015-07-23,8098500.0
2015-07-24,13739965.0
2015-07-25,9763000.0
2015-07-26,0.0
2015-07-27,4817000.0
2015-07-28,10225000.0
2015-07-29,4344500.0
2015-07-30,2709500.0
2015-07-31,8853000.0
2015-08-01,11805000.0
2015-08-02,0.0
2015-08-03,2889500.0
2015-08-04,6216000.0
2015-08-05,7764850.0
2015-08-06,6610500.0
2015-08-07,8165600.0
2015-08-08,11160500.0
2015-08-09,620000.0
2015-08-10,4826950.0
2015-08-11,5836200.0
2015-08-12,9949900.0
2015-08-13,5702250.0
2015-08-14,8304699.0
2015-08-15,14891500.0
2015-08-16,830000.0
2015-08-17,5625750.0
2015-08-18,7076400.0
2015-08-19,7208060.0
2015-08-20,6763500.0
2015-08-21,5406500.0
2015-08-22,16753000.0
2015-08-23,0.0
2015-08-24,6267100.0
2015-08-25,2657000.0
2015-08-26,4109000.0
2015-08-27,7305000.0
2015-08-28,7919500.0
2015-08-29,20194000.0
2015-08-30,0.0
2015-08-31,6772500.0
2015-09-01,4508000.0
2015-09-02,5587000.0
2015-09-03,4595000.0
2015-09-04,6354000.0
2015-09-05,9037000.0
2015-09-06,1312000.0
2015-09-07,6861500.0
2015-09-08,6642000.0
2015-09-09,7358950.0
2015-09-10,8295375.0
2015-09-11,7158100.0
2015-09-12,11636880.0
2015-09-13,675500.0
2015-09-14,4016400.0
2015-09-15,8783550.0
2015-09-16,8304300.0
2015-09-17,8259250.0
2015-09-18,8194000.0
2015-09-19,25975500.0
2015-09-20,0.0
2015-09-21,1956000.0
2015-09-22,6963700.0
2015-09-23,2494000.0
2015-09-24,8334000.0
2015-09-25,6870300.0
2015-09-26,9826500.0
2015-09-27,1052500.0
2015-09-28,0.0
2015-09-29,4473000.0
2015-09-30,7862050.0
2015-10-01,4404000.0
2015-10-02,3300000.0
2015-10-03,1850000.0
2015-10-04,0.0
2015-10-05,390000.0
2015-10-06,3473600.0
2015-10-07,3879000.0
2015-10-08,7850250.0
2015-10-09,6700000.0
2015-10-10,12181000.0
2015-10-11,1180000.0
2015-10-12,4690000.0
2015-10-13,11961377.0
2015-10-14,10202124.0
2015-10-15,11225000.0
2015-10-16,8796000.0
2015-10-17,14311000.0
2015-10-18,1160000.0
2015-10-19,9200500.0
2015-10-20,9173000.0
2015-10-21,9110000.0
2015-10-22,8509000.0
2015-10-23,11975150.0
2015-10-24,12798500.0
2015-10-25,0.0
2015-10-26,5461150.0
2015-10-27,8218500.0
2015-10-28,10655000.0
2015-10-29,13977550.0
2015-10-30,10177000.0
2015-10-31,27677500.0
2015-11-01,7069600.0
2015-11-02,13380500.0
2015-11-03,1785000.0
2015-11-04,4359500.0
2015-11-05,10969500.0
2015-11-06,11565500.0
2015-11-07,28516000.0
2015-11-08,5133000.0
2015-11-09,7257900.0
2015-11-10,7985500.0
2015-11-11,8741500.0
2015-11-12,7801500.0
2015-11-13,9648990.0
2015-11-14,26517000.0
2015-11-15,0.0
2015-11-16,8515500.0
2015-11-17,6184000.0
2015-11-18,9734500.0
2015-11-19,6674500.0
2015-11-20,10710750.0
2015-11-21,20338000.0
2015-11-22,1947100.0
2015-11-23,6391000.0
2015-11-24,7848750.0
2015-11-25,5719500.0
2015-11-26,9937000.0
2015-11-27,11060500.0
2015-11-28,20175500.0
2015-11-29,0.0
2015-11-30,4902000.0
2015-12-01,6521000.0
2015-12-02,9272500.0
2015-12-03,8456500.0
2015-12-04,11765500.0
2015-12-05,19051000.0
2015-12-06,0.0
2015-12-07,7109000.0
2015-12-08,2041600.0
2015-12-09,6883500.0
2015-12-10,11242380.0
2015-12-11,7953000.0
2015-12-12,17172500.0
2015-12-13,1300000.0
2015-12-14,5855000.0
2015-12-15,9337000.0
2015-12-16,13201000.0
2015-12-17,7303442.0
2015-12-18,9157000.0
2015-12-19,7219250.0
2015-12-20,0.0
2015-12-21,6554500.0
2015-12-22,13307680.0
2015-12-23,16727500.0
2015-12-24,3067950.0
2015-12-25,0.0
2015-12-26,0.0
2015-12-27,0.0
2015-12-28,0.0
2015-12-29,0.0
2015-12-30,0.0
2015-12-31,0.0
2016-01-01,420000.0
2016-01-02,437000.0
2016-01-03,0.0
2016-01-04,360000.0
2016-01-05,577000.0
2016-01-06,0.0
2016-01-07,591000.0
2016-01-08,2555000.0
2016-01-09,0.0
2016-01-10,929000.0
2016-01-11,1540000.0
2016-01-12,1505000.0
2016-01-13,3040000.0
2016-01-14,3233150.0
2016-01-15,4478000.0
2016-01-16,0.0
2016-01-17,0.0
2016-01-18,3762900.0
2016-01-19,4372500.0
2016-01-20,6324900.0
2016-01-21,6451450.0
2016-01-22,8857500.0
2016-01-23,994000.0
2016-01-24,0.0
2016-01-25,7472000.0
2016-01-26,520000.0
2016-01-27,8310050.0
2016-01-28,8662100.0
2016-01-29,8638750.0
2016-01-30,4749000.0
2016-01-31,1655000.0
2016-02-01,5378700.0
2016-02-02,5524500.0
2016-02-03,7591500.0
2016-02-04,11227500.0
2016-02-05,5599500.0
2016-02-06,8990000.0
2016-02-07,0.0
2016-02-08,5060450.0
2016-02-09,7662000.0
2016-02-10,5321000.0
2016-02-11,6210000.0
2016-02-12,9059500.0
2016-02-13,13883500.0
2016-02-14,0.0
2016-02-15,4787000.0
2016-02-16,5942450.0
2016-02-17,10726500.0
2016-02-18,12122500.0
2016-02-19,6740950.0
2016-02-20,15401000.0
2016-02-21,761000.0
2016-02-22,5489000.0
2016-02-23,9514500.0
2016-02-24,8041761.0
2016-02-25,7701500.0
2016-02-26,12659790.0
2016-02-27,20492500.0
2016-02-28,0.0
2016-02-29,6866500.0
2016-03-01,7472490.0
2016-03-02,11581800.0
2016-03-03,7886000.0
2016-03-04,13403000.0
2016-03-05,12251000.0
2016-03-06,1998000.0
2016-03-07,6151510.0
2016-03-08,6096000.0
2016-03-09,7164450.0
2016-03-10,7470710.0
2016-03-11,10606300.0
2016-03-12,7073000.0
2016-03-13,0.0
2016-03-14,0.0
2016-03-15,7292000.0
2016-03-16,8610500.0
2016-03-17,11317500.0
2016-03-18,11167500.0
2016-03-19,20810750.0
2016-03-20,0.0
2016-03-21,11131900.0
2016-03-22,11144000.0
2016-03-23,9105500.0
2016-03-24,12258250.0
2016-03-25,467500.0
2016-03-26,570000.0
2016-03-27,0.0
2016-03-28,425000.0
2016-03-29,4446000.0
2016-03-30,8222200.0
2016-03-31,7304500.0
2016-04-01,13328750.0
2016-04-02,12495500.0
2016-04-03,0.0
2016-04-04,15131500.0
2016-04-05,5090500.0
2016-04-06,12803000.0
2016-04-07,15350450.0
2016-04-08,3832500.0
2016-04-09,17359800.0
2016-04-10,610000.0
2016-04-11,5859500.0
2016-04-12,7426000.0
2016-04-13,3275300.0
2016-04-14,6014000.0
2016-04-15,4306500.0
2016-04-16,11417000.0
2016-04-17,0.0
2016-04-18,7132899.0
2016-04-19,7558000.0
2016-04-20,7720700.0
2016-04-21,12087100.0
2016-04-22,8773100.0
2016-04-23,10150000.0
2016-04-24,405000.0
2016-04-25,1711700.0
2016-04-26,5553000.0
2016-04-27,7437730.0
2016-04-28,4526000.0
2016-04-29,4151500.0
2016-04-30,20847500.0
2016-05-01,0.0
2016-05-02,8198500.0
2016-05-03,7674000.0
2016-05-04,7320000.0
2016-05-05,8552000.0
2016-05-06,6915900.0
2016-05-07,8647500.0
2016-05-08,0.0
2016-05-09,6439150.0
2016-05-10,5544750.0
2016-05-11,6782000.0
2016-05-12,8491250.0
2016-05-13,4188100.0
2016-05-14,11703500.0
2016-05-15,986500.0
2016-05-16,4313500.0
2016-05-17,6233500.0
2016-05-18,4789500.0
2016-05-19,8146000.0
2016-05-20,10016940.0
2016-05-21,17618500.0
2016-05-22,1515000.0
2016-05-23,8291500.0
2016-05-24,6878000.0
2016-05-25,14112500.0
2016-05-26,3594000.0
2016-05-27,7785500.0
2016-05-28,19973000.0
2016-05-29,0.0
2016-05-30,6427500.0
2016-05-31,4422500.0
2016-06-01,5534990.0
2016-06-02,1477500.0
2016-06-03,5841450.0
2016-06-04,11706000.0
2016-06-05,0.0
2016-06-06,3368500.0
2016-06-07,3538900.0
2016-06-08,5949950.0
2016-06-09,12850000.0
2016-06-10,7337260.0
2016-06-11,1671500.0
2016-06-12,0.0
2016-06-13,495000.0
2016-06-14,2805000.0
2016-06-15,10636000.0
2016-06-16,6800000.0
2016-06-17,6449000.0
2016-06-18,10999000.0
2016-06-19,0.0
2016-06-20,3046000.0
2016-06-21,2083950.0
2016-06-22,10648500.0
2016-06-23,7542900.0
2016-06-24,4523500.0
2016-06-25,14070000.0
2016-06-26,0.0
2016-06-27,3425500.0
2016-06-28,4484876.0
2016-06-29,7243500.0
2016-06-30,6892000.0
2016-07-01,7242500.0
2016-07-02,1948500.0
2016-07-03,0.0
2016-07-04,4556000.0
2016-07-05,5132500.0
2016-07-06,7268000.0
2016-07-07,4421000.0
2016-07-08,4259000.0
2016-07-09,12059000.0
2016-07-10,0.0
2016-07-11,2141500.0
2016-07-12,6323500.0
2016-07-13,3106950.0
2016-07-14,4582500.0
2016-07-15,2301000.0
2016-07-16,8796750.0
2016-07-17,0.0
2016-07-18,4850500.0
2016-07-19,1055250.0
2016-07-20,7006000.0
2016-07-21,3050500.0
2016-07-22,1991000.0
2016-07-23,11540100.0
2016-07-24,0.0
2016-07-25,5641000.0
2016-07-26,5222168.0
2016-07-27,3788000.0
2016-07-28,7227000.0
2016-07-29,8951088.0
2016-07-30,10270500.0
2016-07-31,490000.0
2016-08-01,1784386.0
2016-08-02,5328000.0
2016-08-03,5827000.0
2016-08-04,4100000.0
2016-08-05,9712500.0
2016-08-06,11944500.0
2016-08-07,0.0
2016-08-08,6813000.0
2016-08-09,5845111.0
2016-08-10,6159125.0
2016-08-11,3465500.0
2016-08-12,10025500.0
2016-08-13,11858500.0
2016-08-14,490000.0
2016-08-15,3532500.0
2016-08-16,5257000.0
2016-08-17,4603000.0
2016-08-18,3745000.0
2016-08-19,6679500.0
2016-08-20,9275000.0
2016-08-21,445000.0
2016-08-22,11123500.0
2016-08-23,4907500.0
2016-08-24,4504000.0
2016-08-25,9906000.0
2016-08-26,8260000.0
2016-08-27,16563000.0
2016-08-28,0.0
2016-08-29,5598100.0
2016-08-30,3927000.0
2016-08-31,10186500.0
2016-09-01,3782000.0
2016-09-02,7287500.0
2016-09-03,19696500.0
2016-09-04,490000.0
2016-09-05,9952100.0
2016-09-06,7772000.0
2016-09-07,3330999.0
2016-09-08,5200000.0
2016-09-09,5731500.0
2016-09-10,13700750.0
2016-09-11,0.0
2016-09-12,4161500.0
2016-09-13,4445000.0
2016-09-14,8431800.0
2016-09-15,9417250.0
2016-09-16,13573500.0
2016-09-17,19060000.0
2016-09-18,0.0
2016-09-19,6773000.0
2016-09-20,4180500.0
2016-09-21,7199700.0
2016-09-22,8523500.0
2016-09-23,2811000.0
2016-09-24,25675000.0
2016-09-25,750000.0
2016-09-26,965000.0
2016-09-27,7727000.0
2016-09-28,5425000.0
2016-09-29,4237500.0
2016-09-30,11508000.0
2016-10-01,2415000.0
2016-10-02,0.0
2016-10-03,0.0
2016-10-04,8004000.0
2016-10-05,11517400.0
2016-10-06,5007500.0
2016-10-07,10624400.0
2016-10-08,16182500.0
2016-10-09,0.0
2016-10-10,9270000.0
2016-10-11,7121500.0
2016-10-12,7598000.0
2016-10-13,9432000.0
2016-10-14,13446000.0
2016-10-15,17707500.0
2016-10-16,2375000.0
2016-10-17,5086000.0
2016-10-18,5683500.0
2016-10-19,5135000.0
2016-10-20,7439000.0
2016-10-21,9771000.0
2016-10-22,15289500.0
2016-10-23,0.0
2016-10-24,4063500.0
2016-10-25,4791249.0
2016-10-26,3294000.0
2016-10-27,5198000.0
2016-10-28,11388500.0
2016-10-29,24358500.0
2016-10-30,2779000.0
2016-10-31,12315500.0
2016-11-01,2815000.0
2016-11-02,7720101.0
2016-11-03,13150650.0
2016-11-04,8608400.0
2016-11-05,30442000.0
2016-11-06,640000.0
2016-11-07,6207950.0
2016-11-08,5767450.0
2016-11-09,8891400.0
2016-11-10,11432550.0
2016-11-11,9358000.0
2016-11-12,25822000.0
2016-11-13,1127000.0
2016-11-14,11153000.0
2016-11-15,4224450.0
2016-11-16,7333000.0
2016-11-17,12251400.0
2016-11-18,12912500.0
2016-11-19,29061500.0
2016-11-20,5475000.0
2016-11-21,3497000.0
2016-11-22,5731000.0
2016-11-23,6889888.0
2016-11-24,10097777.0
2016-11-25,15896450.0
2016-11-26,29392500.0
2016-11-27,428000.0
2016-11-28,9273000.0
2016-11-29,4495500.0
2016-11-30,7759400.0
2016-12-01,5693000.0
2016-12-02,11069000.0
2016-12-03,19944000.0
2016-12-04,752500.0
2016-12-05,5230500.0
2016-12-06,7311500.0
2016-12-07,7091000.0
2016-12-08,5270250.0
2016-12-09,10684500.0
2016-12-10,20874000.0
2016-12-11,0.0
2016-12-12,6921500.0
2016-12-13,19193500.0
2016-12-14,11109900.0
2016-12-15,12941000.0
2016-12-16,7827850.0
2016-12-17,18572500.0
2016-12-18,0.0
2016-12-19,11962500.0
2016-12-20,10809500.0
2016-12-21,12786500.0
2016-12-22,12830500.0
2016-12-23,15724000.0
2016-12-24,0.0
2016-12-25,0.0
2016-12-26,0.0
2016-12-27,0.0
2016-12-28,0.0
2016-12-29,1289000.0
2016-12-30,420000.0
2016-12-31,0.0
2017-01-01,1095000.0
2017-01-02,0.0
2017-01-03,426000.0
2017-01-04,0.0
2017-01-05,3592000.0
2017-01-06,631472.0
2017-01-07,0.0
2017-01-08,0.0
2017-01-09,5083500.0
2017-01-10,5425250.0
2017-01-11,3198500.0
2017-01-12,4436000.0
2017-01-13,7633000.0
2017-01-14,672000.0
2017-01-15,900000.0
2017-01-16,6926450.0
2017-01-17,4117001.0
2017-01-18,3094500.0
2017-01-19,7373500.0
2017-01-20,5368100.0
2017-01-21,1448000.0
2017-01-22,790000.0
2017-01-23,9434050.0
2017-01-24,3040500.0
2017-01-25,4428000.0
2017-01-26,0.0
2017-01-27,3870000.0
2017-01-28,2509500.0
2017-01-29,0.0
2017-01-30,5289900.0
2017-01-31,6602500.0
2017-02-01,9597000.0
2017-02-02,4858500.0
2017-02-03,7038743.0
2017-02-04,17922500.0
2017-02-05,0.0
2017-02-06,6458950.0
2017-02-07,7057500.0
2017-02-08,6701723.0
2017-02-09,9793200.0
2017-02-10,11542499.0
2017-02-11,21862500.0
2017-02-12,1580000.0
2017-02-13,10838306.0
2017-02-14,10799550.0
2017-02-15,10281000.0
2017-02-16,10986500.0
2017-02-17,10122700.0
2017-02-18,25130000.0
2017-02-19,0.0
2017-02-20,8774000.0
2017-02-21,6461350.0
2017-02-22,9399500.0
2017-02-23,10155400.0
2017-02-24,9042450.0
2017-02-25,31340500.0
2017-02-26,495000.0
2017-02-27,19229180.0
2017-02-28,15274300.0
2017-03-01,9120501.0
2017-03-02,13667500.0
2017-03-03,10653500.0
2017-03-04,21957500.0
2017-03-05,1339500.0
2017-03-06,8869500.0
2017-03-07,5931000.0
2017-03-08,6069000.0
2017-03-09,9648400.0
2017-03-10,13984100.0
2017-03-11,4909400.0
2017-03-12,565000.0
2017-03-13,0.0
2017-03-14,10367000.0
2017-03-15,10888500.0
2017-03-16,9452100.0
2017-03-17,8902000.0
2017-03-18,25181600.0
2017-03-19,1907500.0
2017-03-20,7675600.0
2017-03-21,8705500.0
2017-03-22,7475500.0
2017-03-23,6939000.0
2017-03-24,10325900.0
2017-03-25,21269500.0
2017-03-26,495000.0
2017-03-27,16329450.0
2017-03-28,10045000.0
2017-03-29,9411150.0
2017-03-30,6528450.0
2017-03-31,9041950.0
2017-04-01,11126000.0
2017-04-02,742000.0
2017-04-03,7571950.0
2017-04-04,8453000.0
2017-04-05,12067500.0
2017-04-06,12227700.0
2017-04-07,10911611.0
2017-04-08,31556000.0
2017-04-09,3300000.0
2017-04-10,10388850.0
2017-04-11,12528500.0
2017-04-12,18889500.0
2017-04-13,13075000.0
2017-04-14,730000.0
2017-04-15,716000.0
2017-04-16,480000.0
2017-04-17,1790000.0
2017-04-18,6351059.0
2017-04-19,7936000.0
2017-04-20,5971100.0
2017-04-21,5572000.0
2017-04-22,9842000.0
2017-04-23,832500.0
2017-04-24,7795970.0
2017-04-25,785000.0
2017-04-26,5122000.0
2017-04-27,8775700.0
2017-04-28,9209915.0
2017-04-29,14944000.0
2017-04-30,398000.0
2017-05-01,15359450.0
2017-05-02,4760000.0
2017-05-03,6680800.0
2017-05-04,8715000.0
2017-05-05,12975000.0
2017-05-06,11003000.0
2017-05-07,345000.0
2017-05-08,8438760.0
2017-05-09,6667500.0
2017-05-10,10896500.0
2017-05-11,6803500.0
2017-05-12,12913655.0
2017-05-13,22803500.0
2017-05-14,730000.0
2017-05-15,10920003.0
2017-05-16,7194000.0
2017-05-17,7588400.0
2017-05-18,4380500.0
2017-05-19,10365600.0
2017-05-20,22753600.0
2017-05-21,0.0
2017-05-22,11723500.0
2017-05-23,6709400.0
2017-05-24,4044000.0
2017-05-25,7944000.0
2017-05-26,7244050.0
2017-05-27,22867950.0
2017-05-28,0.0
2017-05-29,5376058.0
2017-05-30,8731550.0
2017-05-31,7089000.0
2017-06-01,9709000.0
2017-06-02,10186950.0
2017-06-03,19826000.0
2017-06-04,0.0
2017-06-05,6740000.0
2017-06-06,4532500.0
2017-06-07,8466500.0
2017-06-08,5426000.0
2017-06-09,12164401.0
2017-06-10,8587000.0
2017-06-11,0.0
2017-06-12,0.0
2017-06-13,4009250.0
2017-06-14,3020500.0
2017-06-15,7946500.0
2017-06-16,6653600.0
2017-06-17,11203500.0
2017-06-18,773000.0
2017-06-19,13882800.0
2017-06-20,5133150.0
2017-06-21,11736000.0
2017-06-22,9471000.0
2017-06-23,3266000.0
2017-06-24,15288000.0
2017-06-25,0.0
2017-06-26,9770946.0
2017-06-27,7509500.0
2017-06-28,7956500.0
2017-06-29,8783000.0
2017-06-30,8939756.0
2017-07-01,12209000.0
2017-07-02,2090000.0
2017-07-03,7674643.0
2017-07-04,4615500.0
2017-07-05,3295000.0
2017-07-06,2914500.0
2017-07-07,6937500.0
2017-07-08,14173500.0
2017-07-09,2920000.0
2017-07-10,5860000.0
2017-07-11,6067400.0
2017-07-12,6285500.0
2017-07-13,4201750.0
2017-07-14,5278339.0
2017-07-15,8912000.0
2017-07-16,0.0
2017-07-17,4395000.0
2017-07-18,5722350.0
2017-07-19,9255000.0
2017-07-20,10907001.0
2017-07-21,12992000.0
2017-07-22,16768000.0
2017-07-23,495000.0
2017-07-24,9252500.0
2017-07-25,7328500.0
2017-07-26,5325000.0
2017-07-27,6833500.0
2017-07-28,13899000.0
2017-07-29,12569000.0
2017-07-30,0.0
2017-07-31,7051000.0
2017-08-01,4831950.0
2017-08-02,8492000.0
2017-08-03,6640000.0
2017-08-04,7589501.0
2017-08-05,16449000.0
2017-08-06,800000.0
2017-08-07,8287800.0
2017-08-08,9914888.0
2017-08-09,8283666.0
2017-08-10,7166000.0
2017-08-11,10308500.0
2017-08-12,18731000.0
2017-08-13,0.0
2017-08-14,10331500.0
2017-08-15,6383500.0
2017-08-16,6640500.0
2017-08-17,14840500.0
2017-08-18,5471900.0
2017-08-19,7711000.0
2017-08-20,0.0
2017-08-21,7239000.0
2017-08-22,5478500.0
2017-08-23,1283000.0
2017-08-24,4848500.0
2017-08-25,7258500.0
2017-08-26,22925500.0
2017-08-27,1780000.0
2017-08-28,8304000.0
2017-08-29,5788000.0
2017-08-30,7395700.0
2017-08-31,9906451.0
2017-09-01,8865000.0
2017-09-02,16982000.0
2017-09-03,1070379.0
2017-09-04,4256900.0
2017-09-05,6261500.0
2017-09-06,7300066.0
2017-09-07,11894700.0
2017-09-08,10635100.0
2017-09-09,26875500.0
2017-09-10,1332500.0
2017-09-11,5135000.0
2017-09-12,2636000.0
2017-09-13,8989500.0
2017-09-14,5828000.0
2017-09-15,11048190.0
2017-09-16,20237350.0
2017-09-17,0.0
2017-09-18,11059000.0
2017-09-19,7948500.0
2017-09-20,8934500.0
2017-09-21,15074500.0
2017-09-22,8239166.0
2017-09-23,16474250.0
2017-09-24,0.0
2017-09-25,863000.0
2017-09-26,10367500.0
2017-09-27,6939755.0
2017-09-28,8819500.0
2017-09-29,6035815.0
2017-09-30,9368000.0
2017-10-01,0.0
2017-10-02,452000.0
2017-10-03,7300000.0
2017-10-04,10307650.0
2017-10-05,6168000.0
2017-10-06,7897500.0
2017-10-07,17270000.0
2017-10-08,475000.0
2017-10-09,8911450.0
2017-10-10,6434500.0
2017-10-11,9790500.0
2017-10-12,5073000.0
2017-10-13,10894000.0
2017-10-14,15981000.0
2017-10-15,0.0
2017-10-16,10932000.0
2017-10-17,3540000.0
2017-10-18,7294700.0
2017-10-19,6600656.0
2017-10-20,5763600.0
2017-10-21,12511500.0
2017-10-22,0.0
2017-10-23,10073010.0
2017-10-24,6542950.0
2017-10-25,6989050.0
2017-10-26,8801250.0
2017-10-27,13231000.0
2017-10-28,42421600.0
2017-10-29,0.0
2017-10-30,12973950.0
2017-10-31,11976500.0
2017-11-01,9818000.0
2017-11-02,12112000.0
2017-11-03,14155500.0
2017-11-04,31778600.0
2017-11-05,1340000.0
2017-11-06,11324999.0
2017-11-07,5152750.0
2017-11-08,8130825.0
2017-11-09,8860750.0
2017-11-10,13626000.0
2017-11-11,31425200.0
2017-11-12,0.0
2017-11-13,11911300.0
2017-11-14,6313000.0
2017-11-15,16463000.0
2017-11-16,13222000.0
2017-11-17,16905000.0
2017-11-18,34661000.0
2017-11-19,2250000.0
2017-11-20,13624000.0
2017-11-21,16375937.0
2017-11-22,14189000.0
2017-11-23,11754000.0
2017-11-24,15564500.0
2017-11-25,28441000.0
2017-11-26,0.0
2017-11-27,11155000.0
2017-11-28,7121450.0
2017-11-29,8960500.0
2017-11-30,10252000.0
2017-12-01,15239000.0
2017-12-02,25981500.0
2017-12-03,945000.0
2017-12-04,8856000.0
2017-12-05,11228000.0
2017-12-06,6818500.0
2017-12-07,7543000.0
2017-12-08,9784000.0
2017-12-09,20398000.0
2017-12-10,515000.0
2017-12-11,13728000.0
2017-12-12,12203500.0
2017-12-13,11331500.0
2017-12-14,8259000.0
2017-12-15,9591150.0
2017-12-16,23414000.0
2017-12-17,1230000.0
2017-12-18,9960000.0
2017-12-19,10715600.0
2017-12-20,20426100.0
2017-12-21,20223388.0
2017-12-22,16695000.0
2017-12-23,565000.0
2017-12-24,0.0
2017-12-25,605000.0
2017-12-26,0.0
2017-12-27,0.0
2017-12-28,1015000.0
2017-12-29,590000.0
2017-12-30,0.0
2017-12-31,0.0
2018-01-01,0.0
2018-01-02,299000.0
2018-01-03,1964900.0
2018-01-04,350000.0
2018-01-05,1830000.0
2018-01-06,0.0
2018-01-07,0.0
2018-01-08,5834255.0
2018-01-09,3179500.0
2018-01-10,6400800.0
2018-01-11,1060000.0
2018-01-12,1942250.0
2018-01-13,765500.0
2018-01-14,0.0
2018-01-15,4420450.0
2018-01-16,2412000.0
2018-01-17,6215000.0
2018-01-18,4781000.0
2018-01-19,7488000.0
2018-01-20,1375000.0
2018-01-21,430000.0
2018-01-22,4628000.0
2018-01-23,3706000.0
2018-01-24,12968500.0
2018-01-25,8546000.0
2018-01-26,2992000.0
2018-01-27,1685500.0
2018-01-28,0.0
2018-01-29,6485000.0
2018-01-30,7103000.0
2018-01-31,2748000.0
2018-02-01,10303100.0
2018-02-02,7053500.0
2018-02-03,10943000.0
2018-02-04,327500.0
2018-02-05,8610500.0
2018-02-06,4138000.0
2018-02-07,12031300.0
2018-02-08,12307500.0
2018-02-09,9839000.0
2018-02-10,22072000.0
2018-02-11,1051000.0
2018-02-12,11310200.0
2018-02-13,6076000.0
2018-02-14,10331000.0
2018-02-15,7388800.0
2018-02-16,10382759.0
2018-02-17,16584500.0
2018-02-18,0.0
2018-02-19,8720892.0
2018-02-20,5445500.0
2018-02-21,7279750.0
2018-02-22,11252388.0
2018-02-23,10663500.0
2018-02-24,33223500.0
2018-02-25,950500.0
2018-02-26,9681000.0
2018-02-27,10937000.0
2018-02-28,14459000.0
2018-03-01,7290000.0
2018-03-02,9077750.0
2018-03-03,27942000.0
2018-03-04,0.0
2018-03-05,7644500.0
2018-03-06,9494000.0
2018-03-07,13939500.0
2018-03-08,9012500.0
2018-03-09,9451500.0
2018-03-10,12399000.0
2018-03-11,0.0
2018-03-12,714900.0
2018-03-13,12597500.0
2018-03-14,8340000.0
2018-03-15,10851800.0
2018-03-16,11288000.0
2018-03-17,23945500.0
2018-03-18,0.0
2018-03-19,4264500.0
2018-03-20,14070500.0
2018-03-21,10837375.0
2018-03-22,13836000.0
2018-03-23,6951500.0
2018-03-24,32819000.0
2018-03-25,1545000.0
2018-03-26,10380500.0
2018-03-27,9985000.0
2018-03-28,17166000.0
2018-03-29,7771000.0
2018-03-30,685000.0
2018-03-31,644500.0
2018-04-01,0.0
2018-04-02,1515000.0
2018-04-03,4987000.0
2018-04-04,6837000.0
2018-04-05,7949500.0
2018-04-06,11172000.0
2018-04-07,14847500.0
2018-04-08,1109000.0
2018-04-09,9596000.0
2018-04-10,4343450.0
2018-04-11,10533000.0
2018-04-12,11892000.0
2018-04-13,13804300.0
2018-04-14,22101500.0
2018-04-15,0.0
2018-04-16,7625039.0
2018-04-17,10083500.0
2018-04-18,9835200.0
2018-04-19,9317200.0
2018-04-20,8926500.0
2018-04-21,6029000.0
2018-04-22,0.0
2018-04-23,2905750.0
2018-04-24,13606516.0
2018-04-25,0.0
2018-04-26,9858000.0
2018-04-27,12187000.0
2018-04-28,16428500.0
2018-04-29,0.0
2018-04-30,10595000.0
2018-05-01,9616500.0
2018-05-02,7332000.0
2018-05-03,9639100.0
2018-05-04,8333000.0
2018-05-05,19483600.0
2018-05-06,1707000.0
2018-05-07,7848500.0
2018-05-08,7305888.0
2018-05-09,10197500.0
2018-05-10,11071000.0
2018-05-11,17556700.0
2018-05-12,14493500.0
2018-05-13,1215000.0
2018-05-14,4020000.0
2018-05-15,9020500.0
2018-05-16,9465250.0
2018-05-17,8556000.0
2018-05-18,10994500.0
2018-05-19,20772500.0
2018-05-20,0.0
2018-05-21,6171500.0
2018-05-22,11789600.0
2018-05-23,9895000.0
2018-05-24,9618000.0
2018-05-25,11308100.0
2018-05-26,17615500.0
2018-05-27,0.0
2018-05-28,516000.0
2018-05-29,6004788.0
2018-05-30,18650000.0
2018-05-31,15873000.0
2018-06-01,9085500.0
2018-06-02,18183500.0
2018-06-03,640000.0
2018-06-04,7299000.0
2018-06-05,12193150.0
2018-06-06,10081500.0
2018-06-07,13533750.0
2018-06-08,9474500.0
2018-06-09,6010000.0
2018-06-10,0.0
2018-06-11,276500.0
2018-06-12,6849000.0
2018-06-13,5490000.0
2018-06-14,10572000.0
2018-06-15,8635000.0
2018-06-16,9938000.0
2018-06-17,0.0
2018-06-18,8827500.0
2018-06-19,3942950.0
2018-06-20,10120000.0
2018-06-21,4814550.0
2018-06-22,7339250.0
2018-06-23,11049000.0
2018-06-24,1370000.0
2018-06-25,6035500.0
2018-06-26,5656000.0
2018-06-27,10026500.0
2018-06-28,7433500.0
2018-06-29,10057000.0
2018-06-30,7004500.0
2018-07-01,0.0
2018-07-02,11879800.0
2018-07-03,3435000.0
2018-07-04,6354000.0
2018-07-05,1959000.0
2018-07-06,6019000.0
2018-07-07,10879500.0
2018-07-08,0.0
2018-07-09,12022485.0
2018-07-10,6527700.0
2018-07-11,4166000.0
2018-07-12,6015000.0
2018-07-13,5110500.0
2018-07-14,10851500.0
2018-07-15,496500.0
2018-07-16,8306000.0
2018-07-17,4003500.0
2018-07-18,4704000.0
2018-07-19,6595000.0
2018-07-20,5996627.0
2018-07-21,6859900.0
2018-07-22,0.0
2018-07-23,7555000.0
2018-07-24,3751500.0
2018-07-25,6517500.0
2018-07-26,3962000.0
2018-07-27,8786000.0
2018-07-28,12772500.0
2018-07-29,0.0
2018-07-30,11253388.0
2018-07-31,10387150.0
2018-08-01,6529500.0
2018-08-02,5587050.0
2018-08-03,3769500.0
2018-08-04,11357000.0
2018-08-05,339500.0
2018-08-06,2575000.0
2018-08-07,10607000.0
2018-08-08,6047300.0
2018-08-09,5122000.0
2018-08-10,8503888.0
2018-08-11,5782500.0
2018-08-12,605000.0
2018-08-13,3065500.0
2018-08-14,3377000.0
2018-08-15,6436651.0
2018-08-16,3378000.0
2018-08-17,10058500.0
2018-08-18,8093999.0
2018-08-19,0.0
2018-08-20,6761500.0
2018-08-21,6323250.0
2018-08-22,6538500.0
2018-08-23,8806000.0
2018-08-24,7403500.0
2018-08-25,15263000.0
2018-08-26,1883000.0
2018-08-27,3745388.0
2018-08-28,6301000.0
2018-08-29,5745000.0
2018-08-30,7858850.0
2018-08-31,12930400.0
2018-09-01,7734500.0
2018-09-02,595000.0
2018-09-03,4583000.0
2018-09-04,5107500.0
2018-09-05,4504860.0
2018-09-06,4808500.0
2018-09-07,5165000.0
2018-09-08,11298000.0
2018-09-09,1190000.0
2018-09-10,7661500.0
2018-09-11,7716600.0
2018-09-12,4412400.0
2018-09-13,8368450.0
2018-09-14,7351000.0
2018-09-15,10716000.0
2018-09-16,0.0
2018-09-17,7747500.0
2018-09-18,5525000.0
2018-09-19,5148000.0
2018-09-20,8143000.0
2018-09-21,10264500.0
2018-09-22,16363500.0
2018-09-23,0.0
2018-09-24,5024388.0
2018-09-25,6333000.0
2018-09-26,11664999.0
2018-09-27,8628000.0
2018-09-28,8682900.0
2018-09-29,4502000.0
2018-09-30,1110000.0
2018-10-01,915000.0
2018-10-02,3990000.0
2018-10-03,6581500.0
2018-10-04,4424000.0
2018-10-05,6781500.0
2018-10-06,11139500.0
2018-10-07,1290000.0
2018-10-08,4866000.0
2018-10-09,2670949.0
2018-10-10,8123500.0
2018-10-11,4439500.0
2018-10-12,10351500.0
2018-10-13,7684500.0
2018-10-14,1630000.0
2018-10-15,3118950.0
2018-10-16,11590800.0
2018-10-17,7886500.0
2018-10-18,6709288.0
2018-10-19,9668500.0
2018-10-20,5120000.0
2018-10-21,772500.0
2018-10-22,8414500.0
2018-10-23,2024000.0
2018-10-24,10223500.0
2018-10-25,6634500.0
2018-10-26,8596000.0
2018-10-27,12492000.0
2018-10-28,0.0
2018-10-29,6817800.0
2018-10-30,4359500.0
2018-10-31,8882950.0
2018-11-01,7502000.0
2018-11-02,11681950.0
2018-11-03,14030000.0
2018-11-04,0.0
2018-11-05,5163400.0
2018-11-06,3309000.0
2018-11-07,7542700.0
2018-11-08,6025500.0
2018-11-09,5151000.0
2018-11-10,8315000.0
2018-11-11,0.0
2018-11-12,5995500.0
2018-11-13,8058500.0
2018-11-14,6330500.0
2018-11-15,6109500.0
2018-11-16,11740500.0
2018-11-17,17366000.0
2018-11-18,0.0
2018-11-19,10545000.0
2018-11-20,5500000.0
2018-11-21,9961200.0
2018-11-22,5404051.0
2018-11-23,9434100.0
2018-11-24,11141000.0
2018-11-25,0.0
2018-11-26,4148500.0
2018-11-27,3519000.0
2018-11-28,7400810.0
2018-11-29,8003500.0
2018-11-30,9354500.0
2018-12-01,9785502.0
2018-12-02,0.0
2018-12-03,6526300.0
2018-12-04,6801500.0
2018-12-05,10716200.0
2018-12-06,5415000.0
2018-12-07,9525000.0
2018-12-08,6423000.0
2018-12-09,0.0
2018-12-10,6662500.0
2018-12-11,7349500.0
2018-12-12,5957000.0
2018-12-13,6402000.0
2018-12-14,5241000.0
2018-12-15,10448000.0
2018-12-16,1660000.0
2018-12-17,7059500.0
2018-12-18,5962500.0
2018-12-19,10906500.0
2018-12-20,7994450.0
2018-12-21,13320000.0
2018-12-22,750000.0
2018-12-23,0.0
2018-12-24,2830000.0
2018-12-25,0.0
2018-12-26,0.0
2018-12-27,0.0
2018-12-28,0.0
2018-12-29,0.0
2018-12-30,0.0
2018-12-31,0.0
2019-01-01,591200.0
2019-01-02,0.0
2019-01-03,0.0
2019-01-04,0.0
2019-01-05,550000.0
2019-01-06,0.0
2019-01-07,2013000.0
2019-01-08,3153000.0
2019-01-09,5332500.0
2019-01-10,2743500.0
2019-01-11,6740050.0
2019-01-12,0.0
2019-01-13,2300000.0
2019-01-14,5436950.0
2019-01-15,4627800.0
2019-01-16,1717500.0
2019-01-17,0.0
2019-01-18,4067000.0
2019-01-19,1345000.0
2019-01-20,0.0
2019-01-21,4039850.0
2019-01-22,5190000.0
2019-01-23,6255850.0
2019-01-24,8484000.0
2019-01-25,5046500.0
2019-01-26,0.0
2019-01-27,0.0
2019-01-28,0.0
2019-01-29,7776500.0
2019-01-30,2300000.0
2019-01-31,2915000.0
2019-02-01,3096000.0
2019-02-02,4045500.0
2019-02-03,0.0
2019-02-04,6692000.0
2019-02-05,4491000.0
2019-02-06,1784500.0
2019-02-07,7012500.0
2019-02-08,3804900.0
2019-02-09,1190000.0
2019-02-10,0.0
2019-02-11,3835000.0
2019-02-12,10441700.0
2019-02-13,6752000.0
2019-02-14,9238000.0
2019-02-15,2792950.0
2019-02-16,8398000.0
2019-02-17,2200000.0
2019-02-18,2868000.0
2019-02-19,7152500.0
2019-02-20,4560010.0
2019-02-21,6099000.0
2019-02-22,2624950.0
2019-02-23,5537500.0
2019-02-24,0.0
2019-02-25,3566000.0
2019-02-26,4094500.0
2019-02-27,11506300.0
2019-02-28,3676000.0
2019-03-01,4301500.0
2019-03-02,9445500.0
2019-03-03,0.0
2019-03-04,4998000.0
2019-03-05,7187000.0
2019-03-06,14376000.0
2019-03-07,2025000.0
2019-03-08,5853000.0
2019-03-09,1490000.0
2019-03-10,0.0
2019-03-11,0.0
2019-03-12,6973400.0
2019-03-13,1907500.0
2019-03-14,6208000.0
2019-03-15,9276000.0
2019-03-16,7950000.0
2019-03-17,0.0
2019-03-18,5608500.0
2019-03-19,6789950.0
2019-03-20,6993500.0
2019-03-21,6471500.0
2019-03-22,8229000.0
2019-03-23,6852000.0
2019-03-24,0.0
2019-03-25,4870000.0
2019-03-26,8396900.0
2019-03-27,5300500.0
2019-03-28,6925600.0
2019-03-29,5365000.0
2019-03-30,0.0
2019-03-31,0.0
2019-04-01,7858600.0
2019-04-02,6716600.0
2019-04-03,6184500.0
2019-04-04,6594500.0
2019-04-05,3408500.0
2019-04-06,8381000.0
2019-04-07,0.0
2019-04-08,4056450.0
2019-04-09,5557900.0
2019-04-10,6688750.0
2019-04-11,5277975.0
2019-04-12,12337950.0
2019-04-13,7133000.0
2019-04-14,0.0
2019-04-15,2340000.0
2019-04-16,8382900.0
2019-04-17,11485500.0
2019-04-18,4997950.0
2019-04-19,350000.0
2019-04-20,0.0
2019-04-21,0.0
2019-04-22,0.0
2019-04-23,5759000.0
2019-04-24,5937450.0
2019-04-25,1225000.0
2019-04-26,6664600.0
2019-04-27,1556000.0
2019-04-28,0.0
2019-04-29,5677944.0
2019-04-30,4356950.0
2019-05-01,5994000.0
2019-05-02,5112500.0
2019-05-03,6274450.0
2019-05-04,1660000.0
2019-05-05,0.0
2019-05-06,9010000.0
2019-05-07,8398300.0
2019-05-08,6618000.0
2019-05-09,3426000.0
2019-05-10,2999000.0
2019-05-11,1842500.0
2019-05-12,0.0
2019-05-13,4663000.0
2019-05-14,4594500.0
2019-05-15,6904600.0
2019-05-16,2718000.0
2019-05-17,7623000.0
2019-05-18,3100000.0
2019-05-19,0.0
2019-05-20,6989500.0
2019-05-21,1839950.0
2019-05-22,6978000.0
2019-05-23,6256300.0
2019-05-24,2926500.0
2019-05-25,5262000.0
2019-05-26,0.0
2019-05-27,0.0
2019-05-28,7547500.0
2019-05-29,9493000.0
2019-05-30,4227450.0
2019-05-31,8670000.0
2019-06-01,1555000.0
2019-06-02,0.0
2019-06-03,4305000.0
2019-06-04,3624700.0
2019-06-05,4946000.0
2019-06-06,1058000.0
2019-06-07,4970000.0
2019-06-08,2213500.0
2019-06-09,0.0
2019-06-10,805000.0
2019-06-11,1219950.0
2019-06-12,1087000.0
2019-06-13,9343600.0
2019-06-14,3670000.0
2019-06-15,2510000.0
2019-06-16,0.0
2019-06-17,2725500.0
2019-06-18,6651500.0
2019-06-19,5126000.0
2019-06-20,2995000.0
2019-06-21,7730000.0
2019-06-22,3373000.0
2019-06-23,0.0
2019-06-24,5017500.0
2019-06-25,2270000.0
2019-06-26,5713450.0
2019-06-27,3258000.0
2019-06-28,750000.0
2019-06-29,1695000.0
2019-06-30,0.0
2019-07-01,18373226.0
2019-07-02,9020500.0
2019-07-03,11589000.0
2019-07-04,7872700.0
2019-07-05,7038388.0
2019-07-06,3173750.0
2019-07-07,0.0
2019-07-08,8208000.0
2019-07-09,5780000.0
2019-07-10,6477500.0
2019-07-11,2648000.0
2019-07-12,2159950.0
2019-07-13,1462000.0
2019-07-14,0.0
2019-07-15,3326000.0
2019-07-16,5409700.0
2019-07-17,8483000.0
2019-07-18,5233500.0
2019-07-19,6301000.0
2019-07-20,4721000.0
2019-07-21,0.0
2019-07-22,4253000.0
2019-07-23,8431850.0
2019-07-24,1930000.0
2019-07-25,8217000.0
2019-07-26,3566450.0
2019-07-27,2122500.0
